file_path,file_name,actor_id,emotion_code,emotion,sample_rate,channels,duration,file_size,hash,split
..\data\raw\RAVDESS\Actor_01\03-01-01-01-01-01-01.wav,03-01-01-01-01-01-01.wav,01,01,neutral,16000,1,3.3033125,105784,195be393137655ae98afcfa935a88d0c,development
..\data\raw\RAVDESS\Actor_01\03-01-01-01-01-02-01.wav,03-01-01-01-01-02-01.wav,01,01,neutral,16000,1,3.3366875,106852,dfbcfd1f1fce467a3d69c1920d5f1aa7,development
..\data\raw\RAVDESS\Actor_01\03-01-01-01-02-01-01.wav,03-01-01-01-02-01-01.wav,01,01,neutral,16000,1,3.2699375,104716,026f5afdb93115ce784d59fa9f0b9099,development
..\data\raw\RAVDESS\Actor_01\03-01-01-01-02-02-01.wav,03-01-01-01-02-02-01.wav,01,01,neutral,16000,1,3.169875,101514,e17bd75566571eef27686d1767b786ee,development
..\data\raw\RAVDESS\Actor_01\03-01-02-01-01-01-01.wav,03-01-02-01-01-01-01.wav,01,02,calm,16000,1,3.536875,113258,7b100b178192455dbed34e855d942090,development
..\data\raw\RAVDESS\Actor_01\03-01-02-01-01-02-01.wav,03-01-02-01-01-02-01.wav,01,02,calm,16000,1,3.603625,115394,18df2d77d32b3d68a5961f85e0e77b21,development
..\data\raw\RAVDESS\Actor_01\03-01-02-01-02-01-01.wav,03-01-02-01-02-01-01.wav,01,02,calm,16000,1,3.5035,112190,fab967f1f3d28bebd06fee908675e5fb,development
..\data\raw\RAVDESS\Actor_01\03-01-02-01-02-02-01.wav,03-01-02-01-02-02-01.wav,01,02,calm,16000,1,3.4701875,111124,66555c559f08500a8e018c2ccc33412c,development
..\data\raw\RAVDESS\Actor_01\03-01-02-02-01-01-01.wav,03-01-02-02-01-01-01.wav,01,02,calm,16000,1,3.70375,118598,0850a97358129dc0dceaab8cb2102b2f,development
..\data\raw\RAVDESS\Actor_01\03-01-02-02-01-02-01.wav,03-01-02-02-01-02-01.wav,01,02,calm,16000,1,4.004,128206,5f0ce6298e3cb880d83c763a76e97dae,development
..\data\raw\RAVDESS\Actor_01\03-01-02-02-02-01-01.wav,03-01-02-02-02-01-01.wav,01,02,calm,16000,1,4.20425,134614,07aaf2bc4d4b7a4fee2f45eeb8344050,development
..\data\raw\RAVDESS\Actor_01\03-01-02-02-02-02-01.wav,03-01-02-02-02-02-01.wav,01,02,calm,16000,1,4.004,128206,4f45556044da8acb618dc11075da6aec,development
..\data\raw\RAVDESS\Actor_01\03-01-03-01-01-01-01.wav,03-01-03-01-01-01-01.wav,01,03,happy,16000,1,3.4701875,111124,0bef3083b615735551b7fa347617d678,development
..\data\raw\RAVDESS\Actor_01\03-01-03-01-01-02-01.wav,03-01-03-01-01-02-01.wav,01,03,happy,16000,1,3.470125,111122,39812f2e3aa73c0221db7afe486271be,development
..\data\raw\RAVDESS\Actor_01\03-01-03-01-02-01-01.wav,03-01-03-01-02-01-01.wav,01,03,happy,16000,1,3.536875,113258,0840eb8a859a7748f8040d8645da4ee1,development
..\data\raw\RAVDESS\Actor_01\03-01-03-01-02-02-01.wav,03-01-03-01-02-02-01.wav,01,03,happy,16000,1,3.70375,118598,bf11869a9132bef9d512ad9d992693b3,development
..\data\raw\RAVDESS\Actor_01\03-01-03-02-01-01-01.wav,03-01-03-02-01-01-01.wav,01,03,happy,16000,1,3.670375,117530,de40f19a015956fb9a005b4cb84e7f10,development
..\data\raw\RAVDESS\Actor_01\03-01-03-02-01-02-01.wav,03-01-03-02-01-02-01.wav,01,03,happy,16000,1,3.637,116462,98e4c63c656c790855fdab77fc61106a,development
..\data\raw\RAVDESS\Actor_01\03-01-03-02-02-01-01.wav,03-01-03-02-02-01-01.wav,01,03,happy,16000,1,3.93725,126070,4eafa25ca9b90f510a8b6cc89c803b04,development
..\data\raw\RAVDESS\Actor_01\03-01-03-02-02-02-01.wav,03-01-03-02-02-02-01.wav,01,03,happy,16000,1,3.9373125,126072,66cebe20122ba03813cfdaeade633909,development
..\data\raw\RAVDESS\Actor_01\03-01-04-01-01-01-01.wav,03-01-04-01-01-01-01.wav,01,04,sad,16000,1,3.8371875,122868,7835a4674d2ba7d1c2f587766dcf3008,development
..\data\raw\RAVDESS\Actor_01\03-01-04-01-01-02-01.wav,03-01-04-01-01-02-01.wav,01,04,sad,16000,1,3.57025,114326,a34d3e4e57dbc3bce96611d46054c96e,development
..\data\raw\RAVDESS\Actor_01\03-01-04-01-02-01-01.wav,03-01-04-01-02-01-01.wav,01,04,sad,16000,1,3.5035,112190,4a51c4101e297ae6e37775001dc4f6a7,development
..\data\raw\RAVDESS\Actor_01\03-01-04-01-02-02-01.wav,03-01-04-01-02-02-01.wav,01,04,sad,16000,1,3.3700625,107920,f9fd430d17f08f722fb0dcadf666ad6a,development
..\data\raw\RAVDESS\Actor_01\03-01-04-02-01-01-01.wav,03-01-04-02-01-01-01.wav,01,04,sad,16000,1,3.8038125,121800,57b2f649b319ab872eba48ff94930fbc,development
..\data\raw\RAVDESS\Actor_01\03-01-04-02-01-02-01.wav,03-01-04-02-01-02-01.wav,01,04,sad,16000,1,3.70375,118598,041323c24ee468dd6a01f5a82f2f1324,development
..\data\raw\RAVDESS\Actor_01\03-01-04-02-02-01-01.wav,03-01-04-02-02-01-01.wav,01,04,sad,16000,1,3.737125,119666,9ffc5a03ee74e52298ac87ee7a514777,development
..\data\raw\RAVDESS\Actor_01\03-01-04-02-02-02-01.wav,03-01-04-02-02-02-01.wav,01,04,sad,16000,1,3.7370625,119664,f9b0bc24174a43d8586c72c405e665d3,development
..\data\raw\RAVDESS\Actor_01\03-01-05-01-01-01-01.wav,03-01-05-01-01-01-01.wav,01,05,angry,16000,1,3.8705625,123936,5775eea930516f344c0dcc461d806e25,development
..\data\raw\RAVDESS\Actor_01\03-01-05-01-01-02-01.wav,03-01-05-01-01-02-01.wav,01,05,angry,16000,1,3.9373125,126072,8ab13eb6cec994bb4f6d6638f073c627,development
..\data\raw\RAVDESS\Actor_01\03-01-05-01-02-01-01.wav,03-01-05-01-02-01-01.wav,01,05,angry,16000,1,3.5035,112190,9fe2e4c8d8eed1634e7c44ecf1c02eb2,development
..\data\raw\RAVDESS\Actor_01\03-01-05-01-02-02-01.wav,03-01-05-01-02-02-01.wav,01,05,angry,16000,1,3.7370625,119664,47d522aee7f841c1fba9ccf9e667dc73,development
..\data\raw\RAVDESS\Actor_01\03-01-05-02-01-01-01.wav,03-01-05-02-01-01-01.wav,01,05,angry,16000,1,4.104125,131410,81a8a9f83979e97cb86bbf9476ef39a0,development
..\data\raw\RAVDESS\Actor_01\03-01-05-02-01-02-01.wav,03-01-05-02-01-02-01.wav,01,05,angry,16000,1,4.3710625,139952,048c34276dc9a5271d393aa6ae625384,development
..\data\raw\RAVDESS\Actor_01\03-01-05-02-02-01-01.wav,03-01-05-02-02-01-01.wav,01,05,angry,16000,1,4.1375,132478,a800c97d7239496ad33b7ffe25c44dfa,development
..\data\raw\RAVDESS\Actor_01\03-01-05-02-02-02-01.wav,03-01-05-02-02-02-01.wav,01,05,angry,16000,1,4.4378125,142088,4f5fe818db5a9c4388ffac4979472799,development
..\data\raw\RAVDESS\Actor_01\03-01-06-01-01-01-01.wav,03-01-06-01-01-01-01.wav,01,06,fearful,16000,1,3.670375,117530,c8597f70017e896ac3cb7ab2bc3e96a6,development
..\data\raw\RAVDESS\Actor_01\03-01-06-01-01-02-01.wav,03-01-06-01-01-02-01.wav,01,06,fearful,16000,1,3.637,116462,7da3f932f608c20109c617fe6aee4710,development
..\data\raw\RAVDESS\Actor_01\03-01-06-01-02-01-01.wav,03-01-06-01-02-01-01.wav,01,06,fearful,16000,1,3.4368125,110056,184a5113295ef634babe2f153eedf6c2,development
..\data\raw\RAVDESS\Actor_01\03-01-06-01-02-02-01.wav,03-01-06-01-02-02-01.wav,01,06,fearful,16000,1,3.7036875,118596,2eae35d72677de3faef8f58f172add69,development
..\data\raw\RAVDESS\Actor_01\03-01-06-02-01-01-01.wav,03-01-06-02-01-01-01.wav,01,06,fearful,16000,1,5.005,160238,012b1b229947beb4c3b1195c856b9dbd,development
..\data\raw\RAVDESS\Actor_01\03-01-06-02-01-02-01.wav,03-01-06-02-01-02-01.wav,01,06,fearful,16000,1,4.2375625,135680,b285928cdd577eb76c6cd11531e590f1,development
..\data\raw\RAVDESS\Actor_01\03-01-06-02-02-01-01.wav,03-01-06-02-02-01-01.wav,01,06,fearful,16000,1,3.970625,127138,53f4b5c1c4f883ce2f6825fea04c6b5a,development
..\data\raw\RAVDESS\Actor_01\03-01-06-02-02-02-01.wav,03-01-06-02-02-02-01.wav,01,06,fearful,16000,1,3.9039375,125004,8f15ff4b2e18adc1b1ad6dbf89b977e1,development
..\data\raw\RAVDESS\Actor_01\03-01-07-01-01-01-01.wav,03-01-07-01-01-01-01.wav,01,07,disgust,16000,1,3.8705625,123936,479bf13cc5d67e2d0fff331bd8bb8a02,development
..\data\raw\RAVDESS\Actor_01\03-01-07-01-01-02-01.wav,03-01-07-01-01-02-01.wav,01,07,disgust,16000,1,3.9039375,125004,adaf0f197693cf7fcd21c1cb3bb9d823,development
..\data\raw\RAVDESS\Actor_01\03-01-07-01-02-01-01.wav,03-01-07-01-02-01-01.wav,01,07,disgust,16000,1,3.9039375,125004,5801d19a57e0bb071c1cd1459556ea6c,development
..\data\raw\RAVDESS\Actor_01\03-01-07-01-02-02-01.wav,03-01-07-01-02-02-01.wav,01,07,disgust,16000,1,3.8371875,122868,4914a018dc0c9f5a9660f241cbb6f725,development
..\data\raw\RAVDESS\Actor_01\03-01-07-02-01-01-01.wav,03-01-07-02-01-01-01.wav,01,07,disgust,16000,1,4.3043125,137816,fdb58d986284e877366daaaec47eb489,development
..\data\raw\RAVDESS\Actor_01\03-01-07-02-01-02-01.wav,03-01-07-02-01-02-01.wav,01,07,disgust,16000,1,4.104125,131410,21eca32da081cba3f2fd8a8992016ff2,development
..\data\raw\RAVDESS\Actor_01\03-01-07-02-02-01-01.wav,03-01-07-02-02-01-01.wav,01,07,disgust,16000,1,4.037375,129274,71786d90a1e2014dd2af878745a21536,development
..\data\raw\RAVDESS\Actor_01\03-01-07-02-02-02-01.wav,03-01-07-02-02-02-01.wav,01,07,disgust,16000,1,4.3710625,139952,df01d999424ef58f0c90d40389630c01,development
..\data\raw\RAVDESS\Actor_01\03-01-08-01-01-01-01.wav,03-01-08-01-01-01-01.wav,01,08,surprised,16000,1,3.4034375,108988,587878027ec4b3119c1195efcac4c857,development
..\data\raw\RAVDESS\Actor_01\03-01-08-01-01-02-01.wav,03-01-08-01-01-02-01.wav,01,08,surprised,16000,1,3.2699375,104716,e9d49cfa5fcac10e31a2c8027ae813a7,development
..\data\raw\RAVDESS\Actor_01\03-01-08-01-02-01-01.wav,03-01-08-01-02-01-01.wav,01,08,surprised,16000,1,3.536875,113258,cc6adb506b023abf2983fbc7ede2e577,development
..\data\raw\RAVDESS\Actor_01\03-01-08-01-02-02-01.wav,03-01-08-01-02-02-01.wav,01,08,surprised,16000,1,3.2699375,104716,c5f685074d3f84eaccb1a65f77746626,development
..\data\raw\RAVDESS\Actor_01\03-01-08-02-01-01-01.wav,03-01-08-02-01-01-01.wav,01,08,surprised,16000,1,3.43675,110054,3232ed3f9b78f7c3840ec3d4e83cf34f,development
..\data\raw\RAVDESS\Actor_01\03-01-08-02-01-02-01.wav,03-01-08-02-01-02-01.wav,01,08,surprised,16000,1,3.57025,114326,127a19690aeba843565bdb1a1b3e1091,development
..\data\raw\RAVDESS\Actor_01\03-01-08-02-02-01-01.wav,03-01-08-02-02-01-01.wav,01,08,surprised,16000,1,3.5035,112190,af3817068c846ca808911695436d73b7,development
..\data\raw\RAVDESS\Actor_01\03-01-08-02-02-02-01.wav,03-01-08-02-02-02-01.wav,01,08,surprised,16000,1,3.2699375,104716,7710ef6e7f7f62d02d86490ce1dd1de6,development
..\data\raw\RAVDESS\Actor_02\03-01-01-01-01-01-02.wav,03-01-01-01-01-01-02.wav,02,01,neutral,16000,1,3.637,116462,f187cae006d857c1ae170c8265980346,development
..\data\raw\RAVDESS\Actor_02\03-01-01-01-01-02-02.wav,03-01-01-01-01-02-02.wav,02,01,neutral,16000,1,3.603625,115394,b589b943fa1e4d8feb27a90c8d4b5968,development
..\data\raw\RAVDESS\Actor_02\03-01-01-01-02-01-02.wav,03-01-01-01-02-01-02.wav,02,01,neutral,16000,1,3.7704375,120732,4a4c6f9b8810629362e0f188df9ddd61,development
..\data\raw\RAVDESS\Actor_02\03-01-01-01-02-02-02.wav,03-01-01-01-02-02-02.wav,02,01,neutral,16000,1,3.603625,115394,521153f4753dc1428e71f4611d258613,development
..\data\raw\RAVDESS\Actor_02\03-01-02-01-01-01-02.wav,03-01-02-01-01-01-02.wav,02,02,calm,16000,1,3.8371875,122868,4092415b3769c2013da3d62ede18cc03,development
..\data\raw\RAVDESS\Actor_02\03-01-02-01-01-02-02.wav,03-01-02-01-01-02-02.wav,02,02,calm,16000,1,4.004,128206,02a0d5836b7cadf7d0a95067ebd61b6a,development
..\data\raw\RAVDESS\Actor_02\03-01-02-01-02-01-02.wav,03-01-02-01-02-01-02.wav,02,02,calm,16000,1,3.8371875,122868,a41cbba4167033d7bd67af1b3158ed1c,development
..\data\raw\RAVDESS\Actor_02\03-01-02-01-02-02-02.wav,03-01-02-01-02-02-02.wav,02,02,calm,16000,1,3.970625,127138,0a14fa16bdbf83b8f88282aa7154c9c6,development
..\data\raw\RAVDESS\Actor_02\03-01-02-02-01-01-02.wav,03-01-02-02-01-01-02.wav,02,02,calm,16000,1,4.1375,132478,f3c4f0da003c2e1cf24bfd22d5ca7639,development
..\data\raw\RAVDESS\Actor_02\03-01-02-02-01-02-02.wav,03-01-02-02-01-02-02.wav,02,02,calm,16000,1,4.037375,129274,c9220c5ec0aa0cfbc040c44b6dd2dd97,development
..\data\raw\RAVDESS\Actor_02\03-01-02-02-02-01-02.wav,03-01-02-02-02-01-02.wav,02,02,calm,16000,1,4.104125,131410,43ec80f302b81e700be5c2839bc65a4b,development
..\data\raw\RAVDESS\Actor_02\03-01-02-02-02-02-02.wav,03-01-02-02-02-02-02.wav,02,02,calm,16000,1,4.104125,131410,e9a19acbed652c054ce73487aae987e2,development
..\data\raw\RAVDESS\Actor_02\03-01-03-01-01-01-02.wav,03-01-03-01-01-01-02.wav,02,03,happy,16000,1,3.603625,115394,2be345bb26ecc1a821dc13da908e60b9,development
..\data\raw\RAVDESS\Actor_02\03-01-03-01-01-02-02.wav,03-01-03-01-01-02-02.wav,02,03,happy,16000,1,3.7036875,118596,88affbb698a9b66f6c8fabd5ef17d35d,development
..\data\raw\RAVDESS\Actor_02\03-01-03-01-02-01-02.wav,03-01-03-01-02-01-02.wav,02,03,happy,16000,1,3.7704375,120732,21c83ca5daf8d9cb7abd069aca2425d8,development
..\data\raw\RAVDESS\Actor_02\03-01-03-01-02-02-02.wav,03-01-03-01-02-02-02.wav,02,03,happy,16000,1,3.737125,119666,1ab760da160c9ec84f8a2cfccbe2de10,development
..\data\raw\RAVDESS\Actor_02\03-01-03-02-01-01-02.wav,03-01-03-02-01-01-02.wav,02,03,happy,16000,1,3.70375,118598,a7726ea61545c32007dfe88807f50f59,development
..\data\raw\RAVDESS\Actor_02\03-01-03-02-01-02-02.wav,03-01-03-02-01-02-02.wav,02,03,happy,16000,1,3.670375,117530,8f35175c6a5b6bf223d308765cb73637,development
..\data\raw\RAVDESS\Actor_02\03-01-03-02-02-01-02.wav,03-01-03-02-02-01-02.wav,02,03,happy,16000,1,3.70375,118598,202a888108bf78d39339fac2e4c90fc6,development
..\data\raw\RAVDESS\Actor_02\03-01-03-02-02-02-02.wav,03-01-03-02-02-02-02.wav,02,03,happy,16000,1,3.8705625,123936,13bd9c99903a5b936f943d02e33dc857,development
..\data\raw\RAVDESS\Actor_02\03-01-04-01-01-01-02.wav,03-01-04-01-01-01-02.wav,02,04,sad,16000,1,3.8371875,122868,9f83669e1a8c03c88406150fc6721348,development
..\data\raw\RAVDESS\Actor_02\03-01-04-01-01-02-02.wav,03-01-04-01-01-02-02.wav,02,04,sad,16000,1,3.7704375,120732,f85b42f81fe8192a3da1900563537e48,development
..\data\raw\RAVDESS\Actor_02\03-01-04-01-02-01-02.wav,03-01-04-01-02-01-02.wav,02,04,sad,16000,1,3.7370625,119664,6fb7a7fe43e3135ee8a68266dc8b7ea3,development
..\data\raw\RAVDESS\Actor_02\03-01-04-01-02-02-02.wav,03-01-04-01-02-02-02.wav,02,04,sad,16000,1,3.7704375,120732,449320aa668b2e0db8ea2bd245f20f48,development
..\data\raw\RAVDESS\Actor_02\03-01-04-02-01-01-02.wav,03-01-04-02-01-01-02.wav,02,04,sad,16000,1,3.737125,119666,0825c9a2cf35430389f3bee93bb087e7,development
..\data\raw\RAVDESS\Actor_02\03-01-04-02-01-02-02.wav,03-01-04-02-01-02-02.wav,02,04,sad,16000,1,3.7704375,120732,5b28eaddcb0005ce350dc8fd4301627f,development
..\data\raw\RAVDESS\Actor_02\03-01-04-02-02-01-02.wav,03-01-04-02-02-01-02.wav,02,04,sad,16000,1,3.7036875,118596,8ffd204273da51d5eb983f05b75576c9,development
..\data\raw\RAVDESS\Actor_02\03-01-04-02-02-02-02.wav,03-01-04-02-02-02-02.wav,02,04,sad,16000,1,3.670375,117530,536265998ac1c145ad4e2bdc35faebb8,development
..\data\raw\RAVDESS\Actor_02\03-01-05-01-01-01-02.wav,03-01-05-01-01-01-02.wav,02,05,angry,16000,1,3.670375,117530,c4ec7535b19e1f1920bd7e1a05ebe90d,development
..\data\raw\RAVDESS\Actor_02\03-01-05-01-01-02-02.wav,03-01-05-01-01-02-02.wav,02,05,angry,16000,1,3.670375,117530,37677890d18491a55b27e13963e06bf5,development
..\data\raw\RAVDESS\Actor_02\03-01-05-01-02-01-02.wav,03-01-05-01-02-01-02.wav,02,05,angry,16000,1,3.7704375,120732,7f57ae507ca054099def0bed27f4a1ee,development
..\data\raw\RAVDESS\Actor_02\03-01-05-01-02-02-02.wav,03-01-05-01-02-02-02.wav,02,05,angry,16000,1,3.8038125,121800,3cdd90e8866ea920fc78fbea2e4f587f,development
..\data\raw\RAVDESS\Actor_02\03-01-05-02-01-01-02.wav,03-01-05-02-01-01-02.wav,02,05,angry,16000,1,3.9039375,125004,17574f3c09c5d5e9beb4e5ddaa4ac1bc,development
..\data\raw\RAVDESS\Actor_02\03-01-05-02-01-02-02.wav,03-01-05-02-01-02-02.wav,02,05,angry,16000,1,4.004,128206,9c4db860a0657d23be8ac1c0ec5c9c6c,development
..\data\raw\RAVDESS\Actor_02\03-01-05-02-02-01-02.wav,03-01-05-02-02-01-02.wav,02,05,angry,16000,1,4.004,128206,1d753e05b78a15b50f4f5157a505f1ca,development
..\data\raw\RAVDESS\Actor_02\03-01-05-02-02-02-02.wav,03-01-05-02-02-02-02.wav,02,05,angry,16000,1,4.004,128206,a9f9dd14b072d3c7a2766ea0e45e9d93,development
..\data\raw\RAVDESS\Actor_02\03-01-06-01-01-01-02.wav,03-01-06-01-01-01-02.wav,02,06,fearful,16000,1,3.637,116462,18318ac1d01976fc15d65afb8727ac0a,development
..\data\raw\RAVDESS\Actor_02\03-01-06-01-01-02-02.wav,03-01-06-01-01-02-02.wav,02,06,fearful,16000,1,3.7370625,119664,e39c0febf827065d27432840a88c47b4,development
..\data\raw\RAVDESS\Actor_02\03-01-06-01-02-01-02.wav,03-01-06-01-02-01-02.wav,02,06,fearful,16000,1,3.670375,117530,14957f60cbfdb22f0e8f6e17c0c4ca09,development
..\data\raw\RAVDESS\Actor_02\03-01-06-01-02-02-02.wav,03-01-06-01-02-02-02.wav,02,06,fearful,16000,1,3.7370625,119664,7561e05515ba17ed88a0bb52bf99916f,development
..\data\raw\RAVDESS\Actor_02\03-01-06-02-01-01-02.wav,03-01-06-02-01-01-02.wav,02,06,fearful,16000,1,3.8038125,121800,85793e21973cc35017b52c66c0f4efac,development
..\data\raw\RAVDESS\Actor_02\03-01-06-02-01-02-02.wav,03-01-06-02-01-02-02.wav,02,06,fearful,16000,1,3.637,116462,1efb569478132b6b6e05ae60b6697677,development
..\data\raw\RAVDESS\Actor_02\03-01-06-02-02-01-02.wav,03-01-06-02-02-01-02.wav,02,06,fearful,16000,1,3.603625,115394,1bb5ee09e467d238b23bd77461e686d6,development
..\data\raw\RAVDESS\Actor_02\03-01-06-02-02-02-02.wav,03-01-06-02-02-02-02.wav,02,06,fearful,16000,1,3.603625,115394,4f8f3fbd2ac8ef9d1901b2524c976519,development
..\data\raw\RAVDESS\Actor_02\03-01-07-01-01-01-02.wav,03-01-07-01-01-01-02.wav,02,07,disgust,16000,1,3.670375,117530,5a5be0738623c1a99e7993d3833d02fd,development
..\data\raw\RAVDESS\Actor_02\03-01-07-01-01-02-02.wav,03-01-07-01-01-02-02.wav,02,07,disgust,16000,1,3.637,116462,fe9bc4c00cec8577b4c85d7f6e97d823,development
..\data\raw\RAVDESS\Actor_02\03-01-07-01-02-01-02.wav,03-01-07-01-02-01-02.wav,02,07,disgust,16000,1,3.8705625,123936,b626fc08f7d412f7b473ad1e7bcfefc4,development
..\data\raw\RAVDESS\Actor_02\03-01-07-01-02-02-02.wav,03-01-07-01-02-02-02.wav,02,07,disgust,16000,1,3.8371875,122868,9de825c10870db57744a91b7c9381e75,development
..\data\raw\RAVDESS\Actor_02\03-01-07-02-01-01-02.wav,03-01-07-02-01-01-02.wav,02,07,disgust,16000,1,4.1375,132478,017505514edf9aae4a0dd386305aabd8,development
..\data\raw\RAVDESS\Actor_02\03-01-07-02-01-02-02.wav,03-01-07-02-01-02-02.wav,02,07,disgust,16000,1,4.1375,132478,2afba93d407d1e5deca141d21bcd174b,development
..\data\raw\RAVDESS\Actor_02\03-01-07-02-02-01-02.wav,03-01-07-02-02-01-02.wav,02,07,disgust,16000,1,4.004,128206,1ed12c0deb1694fa41015fef7c2beec3,development
..\data\raw\RAVDESS\Actor_02\03-01-07-02-02-02-02.wav,03-01-07-02-02-02-02.wav,02,07,disgust,16000,1,4.037375,129274,dd10fbbb58b926d4df05388e5d9c5e71,development
..\data\raw\RAVDESS\Actor_02\03-01-08-01-01-01-02.wav,03-01-08-01-01-01-02.wav,02,08,surprised,16000,1,3.536875,113258,f4a0e500b327655066fdd50aac584791,development
..\data\raw\RAVDESS\Actor_02\03-01-08-01-01-02-02.wav,03-01-08-01-01-02-02.wav,02,08,surprised,16000,1,3.536875,113258,8aec299bde41b3a511d91e269bb3c00d,development
..\data\raw\RAVDESS\Actor_02\03-01-08-01-02-01-02.wav,03-01-08-01-02-01-02.wav,02,08,surprised,16000,1,3.603625,115394,3283bda15fe0450fd234d570397fc073,development
..\data\raw\RAVDESS\Actor_02\03-01-08-01-02-02-02.wav,03-01-08-01-02-02-02.wav,02,08,surprised,16000,1,3.536875,113258,a1e3ac4c99595c52f85893e307c53f0f,development
..\data\raw\RAVDESS\Actor_02\03-01-08-02-01-01-02.wav,03-01-08-02-01-01-02.wav,02,08,surprised,16000,1,3.7370625,119664,f0476a58b0274d982d30cd3e69f53e53,development
..\data\raw\RAVDESS\Actor_02\03-01-08-02-01-02-02.wav,03-01-08-02-01-02-02.wav,02,08,surprised,16000,1,3.7704375,120732,510a3628418ee8a82c91de191450fdf0,development
..\data\raw\RAVDESS\Actor_02\03-01-08-02-02-01-02.wav,03-01-08-02-02-01-02.wav,02,08,surprised,16000,1,3.737125,119666,ba6eac4b9d1324dea81701f381662f06,development
..\data\raw\RAVDESS\Actor_02\03-01-08-02-02-02-02.wav,03-01-08-02-02-02-02.wav,02,08,surprised,16000,1,3.8038125,121800,9b643862a006590b8f1c10b5872243d8,development
..\data\raw\RAVDESS\Actor_03\03-01-01-01-01-01-03.wav,03-01-01-01-01-01-03.wav,03,01,neutral,16000,1,3.4368125,110056,780d18e66644e6ce3a883ea0faeb975a,development
..\data\raw\RAVDESS\Actor_03\03-01-01-01-01-02-03.wav,03-01-01-01-01-02-03.wav,03,01,neutral,16000,1,3.5035,112190,3df400968262242eae2e8cd9d0542c77,development
..\data\raw\RAVDESS\Actor_03\03-01-01-01-02-01-03.wav,03-01-01-01-02-01-03.wav,03,01,neutral,16000,1,3.5035,112190,a672a3715673ca29c9aff8fc3cd3d6e9,development
..\data\raw\RAVDESS\Actor_03\03-01-01-01-02-02-03.wav,03-01-01-01-02-02-03.wav,03,01,neutral,16000,1,3.4701875,111124,b6f49f39c3d1f88c723e6cb9761a231c,development
..\data\raw\RAVDESS\Actor_03\03-01-02-01-01-01-03.wav,03-01-02-01-01-01-03.wav,03,02,calm,16000,1,3.8371875,122868,941960dd017714c836bf8f80b12b79cc,development
..\data\raw\RAVDESS\Actor_03\03-01-02-01-01-02-03.wav,03-01-02-01-01-02-03.wav,03,02,calm,16000,1,3.7370625,119664,a4d9afb7733641b4c5969c0a619e06f0,development
..\data\raw\RAVDESS\Actor_03\03-01-02-01-02-01-03.wav,03-01-02-01-02-01-03.wav,03,02,calm,16000,1,3.8371875,122868,81bf2f2c0c7ba61f74c68c98ba310b98,development
..\data\raw\RAVDESS\Actor_03\03-01-02-01-02-02-03.wav,03-01-02-01-02-02-03.wav,03,02,calm,16000,1,3.970625,127138,c768589399b1e20ca3d65d786764ce33,development
..\data\raw\RAVDESS\Actor_03\03-01-02-02-01-01-03.wav,03-01-02-02-01-01-03.wav,03,02,calm,16000,1,4.037375,129274,bdd58f72a5b372f5ab65999f40a66931,development
..\data\raw\RAVDESS\Actor_03\03-01-02-02-01-02-03.wav,03-01-02-02-01-02-03.wav,03,02,calm,16000,1,3.9706875,127140,5fadb577d30cc7dd02be5e4aeac71f14,development
..\data\raw\RAVDESS\Actor_03\03-01-02-02-02-01-03.wav,03-01-02-02-02-01-03.wav,03,02,calm,16000,1,4.1375,132478,d12ba648d87c7d9cca33ed6add4bcc5a,development
..\data\raw\RAVDESS\Actor_03\03-01-02-02-02-02-03.wav,03-01-02-02-02-02-03.wav,03,02,calm,16000,1,4.004,128206,cb5b18ad7071449c6bcd7e5a17df07f2,development
..\data\raw\RAVDESS\Actor_03\03-01-03-01-01-01-03.wav,03-01-03-01-01-01-03.wav,03,03,happy,16000,1,3.7704375,120732,149ac2a11d42aac9ab9ad889e58971a0,development
..\data\raw\RAVDESS\Actor_03\03-01-03-01-01-02-03.wav,03-01-03-01-01-02-03.wav,03,03,happy,16000,1,3.603625,115394,cb257e13e72d15ad8abd20bb567fe5a5,development
..\data\raw\RAVDESS\Actor_03\03-01-03-01-02-01-03.wav,03-01-03-01-02-01-03.wav,03,03,happy,16000,1,3.5035,112190,3667eb0a601ea24007a41db868e99e21,development
..\data\raw\RAVDESS\Actor_03\03-01-03-01-02-02-03.wav,03-01-03-01-02-02-03.wav,03,03,happy,16000,1,3.5035,112190,63e1e0fedbedcf1a5d673ef4ce2f579f,development
..\data\raw\RAVDESS\Actor_03\03-01-03-02-01-01-03.wav,03-01-03-02-01-01-03.wav,03,03,happy,16000,1,4.3043125,137816,38e0644a6e46c686a2f70268f410c529,development
..\data\raw\RAVDESS\Actor_03\03-01-03-02-01-02-03.wav,03-01-03-02-01-02-03.wav,03,03,happy,16000,1,4.4044375,141020,1befdb05b505474d36eade10b4d9b722,development
..\data\raw\RAVDESS\Actor_03\03-01-03-02-02-01-03.wav,03-01-03-02-02-01-03.wav,03,03,happy,16000,1,4.1375,132478,cbf091fbbfd0eb5755fdc6419dbeddc6,development
..\data\raw\RAVDESS\Actor_03\03-01-03-02-02-02-03.wav,03-01-03-02-02-02-03.wav,03,03,happy,16000,1,3.8371875,122868,58fbddf7ffcae9401db395010dc548ba,development
..\data\raw\RAVDESS\Actor_03\03-01-04-01-01-01-03.wav,03-01-04-01-01-01-03.wav,03,04,sad,16000,1,3.603625,115394,0c9711ecb51fe7d4f9d7898ebc7dc939,development
..\data\raw\RAVDESS\Actor_03\03-01-04-01-01-02-03.wav,03-01-04-01-01-02-03.wav,03,04,sad,16000,1,3.57025,114326,57c21a97f9c2fb4f585874db007ffebe,development
..\data\raw\RAVDESS\Actor_03\03-01-04-01-02-01-03.wav,03-01-04-01-02-01-03.wav,03,04,sad,16000,1,3.57025,114326,e419b1c4909f122e4de8c15a798f1ae7,development
..\data\raw\RAVDESS\Actor_03\03-01-04-01-02-02-03.wav,03-01-04-01-02-02-03.wav,03,04,sad,16000,1,3.536875,113258,fca088fb9e23b8b77f4100eaa825eaa3,development
..\data\raw\RAVDESS\Actor_03\03-01-04-02-01-01-03.wav,03-01-04-02-01-01-03.wav,03,04,sad,16000,1,3.7704375,120732,68fb64615235fc48c336166dbfba8648,development
..\data\raw\RAVDESS\Actor_03\03-01-04-02-01-02-03.wav,03-01-04-02-01-02-03.wav,03,04,sad,16000,1,3.8371875,122868,60e390bcad8e72a983ec06fa48c25c0f,development
..\data\raw\RAVDESS\Actor_03\03-01-04-02-02-01-03.wav,03-01-04-02-02-01-03.wav,03,04,sad,16000,1,3.470125,111122,d196cfd05e1206db881c82a1c8c85503,development
..\data\raw\RAVDESS\Actor_03\03-01-04-02-02-02-03.wav,03-01-04-02-02-02-03.wav,03,04,sad,16000,1,3.7036875,118596,a3844fca6dcdcd99421755e2fbe2615f,development
..\data\raw\RAVDESS\Actor_03\03-01-05-01-01-01-03.wav,03-01-05-01-01-01-03.wav,03,05,angry,16000,1,4.004,128206,8d5a8ef97d6edcfab63ff38f19d61411,development
..\data\raw\RAVDESS\Actor_03\03-01-05-01-01-02-03.wav,03-01-05-01-01-02-03.wav,03,05,angry,16000,1,4.07075,130342,f04f54fad8916a6ad51030e80729314d,development
..\data\raw\RAVDESS\Actor_03\03-01-05-01-02-01-03.wav,03-01-05-01-02-01-03.wav,03,05,angry,16000,1,3.8038125,121800,5b5bc6029c87caf0adc3b9ec45143381,development
..\data\raw\RAVDESS\Actor_03\03-01-05-01-02-02-03.wav,03-01-05-01-02-02-03.wav,03,05,angry,16000,1,3.8371875,122868,adcf3ee1dc292ce860505b52eb9e1ca6,development
..\data\raw\RAVDESS\Actor_03\03-01-05-02-01-01-03.wav,03-01-05-02-01-01-03.wav,03,05,angry,16000,1,4.4044375,141020,d91d8f5e3e1395abad605238ab179f19,development
..\data\raw\RAVDESS\Actor_03\03-01-05-02-01-02-03.wav,03-01-05-02-01-02-03.wav,03,05,angry,16000,1,4.4044375,141020,86277215210afdd5f5d4cd197ba1e9e8,development
..\data\raw\RAVDESS\Actor_03\03-01-05-02-02-01-03.wav,03-01-05-02-02-01-03.wav,03,05,angry,16000,1,4.2375625,135680,adf9e67b0bfc291c3843023837dff90c,development
..\data\raw\RAVDESS\Actor_03\03-01-05-02-02-02-03.wav,03-01-05-02-02-02-03.wav,03,05,angry,16000,1,4.5045,144222,d98f83ea65830923cdac40a8c2c8a526,development
..\data\raw\RAVDESS\Actor_03\03-01-06-01-01-01-03.wav,03-01-06-01-01-01-03.wav,03,06,fearful,16000,1,3.737125,119666,b207bfbbd5bac41f17ebbf92f7145b31,development
..\data\raw\RAVDESS\Actor_03\03-01-06-01-01-02-03.wav,03-01-06-01-01-02-03.wav,03,06,fearful,16000,1,3.8371875,122868,caf5ffa6350942bec57673438168d150,development
..\data\raw\RAVDESS\Actor_03\03-01-06-01-02-01-03.wav,03-01-06-01-02-01-03.wav,03,06,fearful,16000,1,3.5035,112190,3f9cca54bbebb325682c5a3eb726e04c,development
..\data\raw\RAVDESS\Actor_03\03-01-06-01-02-02-03.wav,03-01-06-01-02-02-03.wav,03,06,fearful,16000,1,3.20325,102582,1f7261c0affc7557b8af2575e4086452,development
..\data\raw\RAVDESS\Actor_03\03-01-06-02-01-01-03.wav,03-01-06-02-01-01-03.wav,03,06,fearful,16000,1,3.3033125,105784,898c8eb2ca97aae5cfe154c1f2f47134,development
..\data\raw\RAVDESS\Actor_03\03-01-06-02-01-02-03.wav,03-01-06-02-01-02-03.wav,03,06,fearful,16000,1,3.9039375,125004,89c329b094fd92920f458e03c0fa2f34,development
..\data\raw\RAVDESS\Actor_03\03-01-06-02-02-01-03.wav,03-01-06-02-02-01-03.wav,03,06,fearful,16000,1,3.3033125,105784,c853a3ce2ad2346ce663606fb36b5182,development
..\data\raw\RAVDESS\Actor_03\03-01-06-02-02-02-03.wav,03-01-06-02-02-02-03.wav,03,06,fearful,16000,1,3.4368125,110056,e9f0c2f9edd38f075fd1b1f0a567fe5f,development
..\data\raw\RAVDESS\Actor_03\03-01-07-01-01-01-03.wav,03-01-07-01-01-01-03.wav,03,07,disgust,16000,1,4.037375,129274,a70f0b5401d461ab4a3bcccd1a1c555d,development
..\data\raw\RAVDESS\Actor_03\03-01-07-01-01-02-03.wav,03-01-07-01-01-02-03.wav,03,07,disgust,16000,1,3.9706875,127140,630b4edba31f9cbcea3b172cc291d9ef,development
..\data\raw\RAVDESS\Actor_03\03-01-07-01-02-01-03.wav,03-01-07-01-02-01-03.wav,03,07,disgust,16000,1,3.603625,115394,e2c81a844cb2ff9aefd22cca3f871999,development
..\data\raw\RAVDESS\Actor_03\03-01-07-01-02-02-03.wav,03-01-07-01-02-02-03.wav,03,07,disgust,16000,1,3.7704375,120732,78d3f7a705724e50c61e054b0dac8744,development
..\data\raw\RAVDESS\Actor_03\03-01-07-02-01-01-03.wav,03-01-07-02-01-01-03.wav,03,07,disgust,16000,1,4.104125,131410,468c6d1c4a25a559956a958fbd1fd239,development
..\data\raw\RAVDESS\Actor_03\03-01-07-02-01-02-03.wav,03-01-07-02-01-02-03.wav,03,07,disgust,16000,1,4.104125,131410,4b94740a3156c71eba3bc9ee46a518d8,development
..\data\raw\RAVDESS\Actor_03\03-01-07-02-02-01-03.wav,03-01-07-02-02-01-03.wav,03,07,disgust,16000,1,3.8371875,122868,8cda4500daf716c0142bc2fd58756030,development
..\data\raw\RAVDESS\Actor_03\03-01-07-02-02-02-03.wav,03-01-07-02-02-02-03.wav,03,07,disgust,16000,1,3.9373125,126072,2d0d1e90354798a3f307fffc82c999ba,development
..\data\raw\RAVDESS\Actor_03\03-01-08-01-01-01-03.wav,03-01-08-01-01-01-03.wav,03,08,surprised,16000,1,3.2365625,103648,f6fa598318e65f3e66f33b0ffd1653d2,development
..\data\raw\RAVDESS\Actor_03\03-01-08-01-01-02-03.wav,03-01-08-01-01-02-03.wav,03,08,surprised,16000,1,3.3700625,107920,a54e8dc075b7657acddc318d2f158245,development
..\data\raw\RAVDESS\Actor_03\03-01-08-01-02-01-03.wav,03-01-08-01-02-01-03.wav,03,08,surprised,16000,1,3.20325,102582,db1d03d038b0feed36b1e86db2c7c1da,development
..\data\raw\RAVDESS\Actor_03\03-01-08-01-02-02-03.wav,03-01-08-01-02-02-03.wav,03,08,surprised,16000,1,3.57025,114326,b6f76ef1449e4b627393bc912d28fd73,development
..\data\raw\RAVDESS\Actor_03\03-01-08-02-01-01-03.wav,03-01-08-02-01-01-03.wav,03,08,surprised,16000,1,3.2699375,104716,0e8ecba25c848f10f4baac9a1970b927,development
..\data\raw\RAVDESS\Actor_03\03-01-08-02-01-02-03.wav,03-01-08-02-01-02-03.wav,03,08,surprised,16000,1,3.603625,115394,2419703dccb13606bda195491091474e,development
..\data\raw\RAVDESS\Actor_03\03-01-08-02-02-01-03.wav,03-01-08-02-02-01-03.wav,03,08,surprised,16000,1,3.5035,112190,600db9bf32f3e53f6042bb75d3fca3d9,development
..\data\raw\RAVDESS\Actor_03\03-01-08-02-02-02-03.wav,03-01-08-02-02-02-03.wav,03,08,surprised,16000,1,3.2365625,103648,129b618e5aaa828c5bbdccc9614c53ed,development
..\data\raw\RAVDESS\Actor_04\03-01-01-01-01-01-04.wav,03-01-01-01-01-01-04.wav,04,01,neutral,16000,1,3.3033125,105784,6fdca0a574b26977f18ad9891e9f5276,development
..\data\raw\RAVDESS\Actor_04\03-01-01-01-01-02-04.wav,03-01-01-01-01-02-04.wav,04,01,neutral,16000,1,3.3700625,107920,3379306c6575d85843188269ce87bfba,development
..\data\raw\RAVDESS\Actor_04\03-01-01-01-02-01-04.wav,03-01-01-01-02-01-04.wav,04,01,neutral,16000,1,3.2699375,104716,b4f5014e212644aa3496d2bcc6884d4d,development
..\data\raw\RAVDESS\Actor_04\03-01-01-01-02-02-04.wav,03-01-01-01-02-02-04.wav,04,01,neutral,16000,1,3.2365625,103648,895d6983b4005fa760b495f05c02be13,development
..\data\raw\RAVDESS\Actor_04\03-01-02-01-01-01-04.wav,03-01-02-01-01-01-04.wav,04,02,calm,16000,1,3.8038125,121800,0d87e63ea690c5ad11191bb85225c5ec,development
..\data\raw\RAVDESS\Actor_04\03-01-02-01-01-02-04.wav,03-01-02-01-01-02-04.wav,04,02,calm,16000,1,3.7370625,119664,0900dd8f88cda02b5e25195666062000,development
..\data\raw\RAVDESS\Actor_04\03-01-02-01-02-01-04.wav,03-01-02-01-02-01-04.wav,04,02,calm,16000,1,3.637,116462,9524151ad3b7fc704bb3c8db34e3cb90,development
..\data\raw\RAVDESS\Actor_04\03-01-02-01-02-02-04.wav,03-01-02-01-02-02-04.wav,04,02,calm,16000,1,3.57025,114326,e2d54a4e8687f1375076eee10d1d9d58,development
..\data\raw\RAVDESS\Actor_04\03-01-02-02-01-01-04.wav,03-01-02-02-01-01-04.wav,04,02,calm,16000,1,3.970625,127138,fbfa03de7c43c11a7089f905a1fb52e2,development
..\data\raw\RAVDESS\Actor_04\03-01-02-02-01-02-04.wav,03-01-02-02-01-02-04.wav,04,02,calm,16000,1,3.8038125,121800,d5c672ebe5d1cb824591c0371414e8b7,development
..\data\raw\RAVDESS\Actor_04\03-01-02-02-02-01-04.wav,03-01-02-02-02-01-04.wav,04,02,calm,16000,1,3.8038125,121800,b4bd1c441841eb315ab6158f6fb69670,development
..\data\raw\RAVDESS\Actor_04\03-01-02-02-02-02-04.wav,03-01-02-02-02-02-04.wav,04,02,calm,16000,1,4.037375,129274,6f491c60c0feed257889ff71f4e070af,development
..\data\raw\RAVDESS\Actor_04\03-01-03-01-01-01-04.wav,03-01-03-01-01-01-04.wav,04,03,happy,16000,1,3.5035,112190,1af76856588d3433b375ff52969f7e12,development
..\data\raw\RAVDESS\Actor_04\03-01-03-01-01-02-04.wav,03-01-03-01-01-02-04.wav,04,03,happy,16000,1,3.536875,113258,e0f6c066abe3e7a8c01a0752534b7dad,development
..\data\raw\RAVDESS\Actor_04\03-01-03-01-02-01-04.wav,03-01-03-01-02-01-04.wav,04,03,happy,16000,1,3.5035,112190,87e3bda46297cb362f69c0616d0d017a,development
..\data\raw\RAVDESS\Actor_04\03-01-03-01-02-02-04.wav,03-01-03-01-02-02-04.wav,04,03,happy,16000,1,3.4368125,110056,79a589178810bffed69130eed91c1435,development
..\data\raw\RAVDESS\Actor_04\03-01-03-02-01-01-04.wav,03-01-03-02-01-01-04.wav,04,03,happy,16000,1,3.8705625,123936,f85e188c6d5a9bff69caba72619e8105,development
..\data\raw\RAVDESS\Actor_04\03-01-03-02-01-02-04.wav,03-01-03-02-01-02-04.wav,04,03,happy,16000,1,3.57025,114326,6d374570ea58da822139c6eb0d11e185,development
..\data\raw\RAVDESS\Actor_04\03-01-03-02-02-01-04.wav,03-01-03-02-02-01-04.wav,04,03,happy,16000,1,3.603625,115394,1783276691c105b4f1b76ae3b8fd2e4b,development
..\data\raw\RAVDESS\Actor_04\03-01-03-02-02-02-04.wav,03-01-03-02-02-02-04.wav,04,03,happy,16000,1,3.7704375,120732,bf8da29011999ee15dfbf187a066e2bc,development
..\data\raw\RAVDESS\Actor_04\03-01-04-01-01-01-04.wav,03-01-04-01-01-01-04.wav,04,04,sad,16000,1,3.3700625,107920,db0fed1514bb7bf74953f136de666e40,development
..\data\raw\RAVDESS\Actor_04\03-01-04-01-01-02-04.wav,03-01-04-01-01-02-04.wav,04,04,sad,16000,1,3.4034375,108988,94dfccf6eb15c64fc80056daeda424b3,development
..\data\raw\RAVDESS\Actor_04\03-01-04-01-02-01-04.wav,03-01-04-01-02-01-04.wav,04,04,sad,16000,1,3.4368125,110056,e468b8b44cb1772434f7683d67850cc0,development
..\data\raw\RAVDESS\Actor_04\03-01-04-01-02-02-04.wav,03-01-04-01-02-02-04.wav,04,04,sad,16000,1,3.470125,111122,cdeb0bda9c05ae7476170ed753f6cb2e,development
..\data\raw\RAVDESS\Actor_04\03-01-04-02-01-01-04.wav,03-01-04-02-01-01-04.wav,04,04,sad,16000,1,3.670375,117530,bea780d4d442128151aca7bc7aa1df00,development
..\data\raw\RAVDESS\Actor_04\03-01-04-02-01-02-04.wav,03-01-04-02-01-02-04.wav,04,04,sad,16000,1,3.7704375,120732,5f919c1a4c5b741af4bd92ee3eceb351,development
..\data\raw\RAVDESS\Actor_04\03-01-04-02-02-01-04.wav,03-01-04-02-02-01-04.wav,04,04,sad,16000,1,3.7704375,120732,3b1660f3cf0e12052e26611b1a83a99e,development
..\data\raw\RAVDESS\Actor_04\03-01-04-02-02-02-04.wav,03-01-04-02-02-02-04.wav,04,04,sad,16000,1,3.7704375,120732,500b835a25a36dda5f5791533a998af1,development
..\data\raw\RAVDESS\Actor_04\03-01-05-01-01-01-04.wav,03-01-05-01-01-01-04.wav,04,05,angry,16000,1,3.70375,118598,86743d3232ae00d01f73cf9cc23f941e,development
..\data\raw\RAVDESS\Actor_04\03-01-05-01-01-02-04.wav,03-01-05-01-01-02-04.wav,04,05,angry,16000,1,3.603625,115394,65d8fcd47ac48222a3bac31a02ff36be,development
..\data\raw\RAVDESS\Actor_04\03-01-05-01-02-01-04.wav,03-01-05-01-02-01-04.wav,04,05,angry,16000,1,3.470125,111122,da068960735ae0d7a4189bd0686fc549,development
..\data\raw\RAVDESS\Actor_04\03-01-05-01-02-02-04.wav,03-01-05-01-02-02-04.wav,04,05,angry,16000,1,3.7370625,119664,730431ed67ac941db156441c4144a99a,development
..\data\raw\RAVDESS\Actor_04\03-01-05-02-01-01-04.wav,03-01-05-02-01-01-04.wav,04,05,angry,16000,1,3.7704375,120732,5419237e253f4fe99e6ccc8318ac496d,development
..\data\raw\RAVDESS\Actor_04\03-01-05-02-01-02-04.wav,03-01-05-02-01-02-04.wav,04,05,angry,16000,1,3.8705625,123936,c3455f4a7b7ef6ee902a4a413c37d735,development
..\data\raw\RAVDESS\Actor_04\03-01-05-02-02-01-04.wav,03-01-05-02-02-01-04.wav,04,05,angry,16000,1,3.7036875,118596,40c90f18d120c04c94abdd723c061e18,development
..\data\raw\RAVDESS\Actor_04\03-01-05-02-02-02-04.wav,03-01-05-02-02-02-04.wav,04,05,angry,16000,1,3.8371875,122868,b7cb557c7fb6061256c2ab9eeeac21ea,development
..\data\raw\RAVDESS\Actor_04\03-01-06-01-01-01-04.wav,03-01-06-01-01-01-04.wav,04,06,fearful,16000,1,3.3033125,105784,6b0a814e01c87c8995e158a960037814,development
..\data\raw\RAVDESS\Actor_04\03-01-06-01-01-02-04.wav,03-01-06-01-01-02-04.wav,04,06,fearful,16000,1,3.236625,103650,54e9baf825fdeae66e848574ef5f447b,development
..\data\raw\RAVDESS\Actor_04\03-01-06-01-02-01-04.wav,03-01-06-01-02-01-04.wav,04,06,fearful,16000,1,3.470125,111122,529054de793abeb10fdd1eca7ad14375,development
..\data\raw\RAVDESS\Actor_04\03-01-06-01-02-02-04.wav,03-01-06-01-02-02-04.wav,04,06,fearful,16000,1,3.470125,111122,033f30bbf568cdb9db58f639c7077d29,development
..\data\raw\RAVDESS\Actor_04\03-01-06-02-01-01-04.wav,03-01-06-02-01-01-04.wav,04,06,fearful,16000,1,3.9373125,126072,d4af41ec1b2ee53cb6b01aaf96b9b8ad,development
..\data\raw\RAVDESS\Actor_04\03-01-06-02-01-02-04.wav,03-01-06-02-01-02-04.wav,04,06,fearful,16000,1,3.4034375,108988,c61ae29d2769b9b3bb32dfcc10b10b79,development
..\data\raw\RAVDESS\Actor_04\03-01-06-02-02-01-04.wav,03-01-06-02-02-01-04.wav,04,06,fearful,16000,1,3.603625,115394,3b2c8b76652ebc93d4e99458f3eab014,development
..\data\raw\RAVDESS\Actor_04\03-01-06-02-02-02-04.wav,03-01-06-02-02-02-04.wav,04,06,fearful,16000,1,3.57025,114326,bf64e7ee5ae33dcfaf9317f8d138d972,development
..\data\raw\RAVDESS\Actor_04\03-01-07-01-01-01-04.wav,03-01-07-01-01-01-04.wav,04,07,disgust,16000,1,3.9039375,125004,8bb5a89511b92c6814bfc2f3921d8a23,development
..\data\raw\RAVDESS\Actor_04\03-01-07-01-01-02-04.wav,03-01-07-01-01-02-04.wav,04,07,disgust,16000,1,3.9039375,125004,e0d6c877296ca11cd56d99a7189f021c,development
..\data\raw\RAVDESS\Actor_04\03-01-07-01-02-01-04.wav,03-01-07-01-02-01-04.wav,04,07,disgust,16000,1,3.7704375,120732,14b24de83071a982c2794e9b182c0b55,development
..\data\raw\RAVDESS\Actor_04\03-01-07-01-02-02-04.wav,03-01-07-01-02-02-04.wav,04,07,disgust,16000,1,3.8038125,121800,07b45f5d2251218eee3b39c758860901,development
..\data\raw\RAVDESS\Actor_04\03-01-07-02-01-01-04.wav,03-01-07-02-01-01-04.wav,04,07,disgust,16000,1,4.004,128206,cc2541875b8c95de8679ceae674e6b79,development
..\data\raw\RAVDESS\Actor_04\03-01-07-02-01-02-04.wav,03-01-07-02-01-02-04.wav,04,07,disgust,16000,1,4.037375,129274,b99d056e67c1018977e7ec2a78aaf818,development
..\data\raw\RAVDESS\Actor_04\03-01-07-02-02-01-04.wav,03-01-07-02-02-01-04.wav,04,07,disgust,16000,1,3.8705625,123936,ed1293b4953f8f078af20f5aaac6b2eb,development
..\data\raw\RAVDESS\Actor_04\03-01-07-02-02-02-04.wav,03-01-07-02-02-02-04.wav,04,07,disgust,16000,1,3.9373125,126072,902e217b3cb74d400dfa27466be63ac4,development
..\data\raw\RAVDESS\Actor_04\03-01-08-01-01-01-04.wav,03-01-08-01-01-01-04.wav,04,08,surprised,16000,1,3.236625,103650,abde3c0d9492130e2c6dbe2eff4d6189,development
..\data\raw\RAVDESS\Actor_04\03-01-08-01-01-02-04.wav,03-01-08-01-01-02-04.wav,04,08,surprised,16000,1,3.3366875,106852,7efc5571975857114db626d0d39bbfd0,development
..\data\raw\RAVDESS\Actor_04\03-01-08-01-02-01-04.wav,03-01-08-01-02-01-04.wav,04,08,surprised,16000,1,3.637,116462,c90d8db24702009dccff1af5c2013436,development
..\data\raw\RAVDESS\Actor_04\03-01-08-01-02-02-04.wav,03-01-08-01-02-02-04.wav,04,08,surprised,16000,1,3.43675,110054,1312975b59018a18f0994211f510e2f3,development
..\data\raw\RAVDESS\Actor_04\03-01-08-02-01-01-04.wav,03-01-08-02-01-01-04.wav,04,08,surprised,16000,1,3.670375,117530,754970187883e2b4f25b6d47dbe9bf84,development
..\data\raw\RAVDESS\Actor_04\03-01-08-02-01-02-04.wav,03-01-08-02-01-02-04.wav,04,08,surprised,16000,1,3.57025,114326,feb220197a9e9b38b7936d13347fa84f,development
..\data\raw\RAVDESS\Actor_04\03-01-08-02-02-01-04.wav,03-01-08-02-02-01-04.wav,04,08,surprised,16000,1,3.470125,111122,1a44eac7c946e51bcc6cbc176d2b081c,development
..\data\raw\RAVDESS\Actor_04\03-01-08-02-02-02-04.wav,03-01-08-02-02-02-04.wav,04,08,surprised,16000,1,3.536875,113258,c3da4e0ee6c8ddb2dbf3ff3c511510e9,development
..\data\raw\RAVDESS\Actor_05\03-01-01-01-01-01-05.wav,03-01-01-01-01-01-05.wav,05,01,neutral,16000,1,3.603625,115394,992b10607d5cae2c903f49e61db5d6c2,development
..\data\raw\RAVDESS\Actor_05\03-01-01-01-01-02-05.wav,03-01-01-01-01-02-05.wav,05,01,neutral,16000,1,3.637,116462,0d8c1e80a9eccced40a9b4509b0f698a,development
..\data\raw\RAVDESS\Actor_05\03-01-01-01-02-01-05.wav,03-01-01-01-02-01-05.wav,05,01,neutral,16000,1,3.103125,99378,cf2b3697496056579da45f9696699067,development
..\data\raw\RAVDESS\Actor_05\03-01-01-01-02-02-05.wav,03-01-01-01-02-02-05.wav,05,01,neutral,16000,1,3.603625,115394,c8ef80fd03271272d97bc2d2a5388a81,development
..\data\raw\RAVDESS\Actor_05\03-01-02-01-01-01-05.wav,03-01-02-01-01-01-05.wav,05,02,calm,16000,1,4.037375,129274,20059358caa0e37f831a99a67b4a4f23,development
..\data\raw\RAVDESS\Actor_05\03-01-02-01-01-02-05.wav,03-01-02-01-01-02-05.wav,05,02,calm,16000,1,4.104125,131410,acc61cfd7761d0a7e73d0a70d0952432,development
..\data\raw\RAVDESS\Actor_05\03-01-02-01-02-01-05.wav,03-01-02-01-02-01-05.wav,05,02,calm,16000,1,4.1375,132478,d66827a5282dbb1ac668b5f4e6bbd951,development
..\data\raw\RAVDESS\Actor_05\03-01-02-01-02-02-05.wav,03-01-02-01-02-02-05.wav,05,02,calm,16000,1,4.2375625,135680,3385d14b60bf0dfd33dc8e74b7524bea,development
..\data\raw\RAVDESS\Actor_05\03-01-02-02-01-01-05.wav,03-01-02-02-01-01-05.wav,05,02,calm,16000,1,4.7380625,151696,6731c7cab5bd44027a56d7620b8afde0,development
..\data\raw\RAVDESS\Actor_05\03-01-02-02-01-02-05.wav,03-01-02-02-01-02-05.wav,05,02,calm,16000,1,4.5045,144222,2540929dafbe8a47fdfb0fb5508cb1af,development
..\data\raw\RAVDESS\Actor_05\03-01-02-02-02-01-05.wav,03-01-02-02-02-01-05.wav,05,02,calm,16000,1,4.7714375,152764,f0cbb9db40117fdd128f165778ccdc21,development
..\data\raw\RAVDESS\Actor_05\03-01-02-02-02-02-05.wav,03-01-02-02-02-02-05.wav,05,02,calm,16000,1,4.3043125,137816,9b78642bce2bf655639a02a7b93f309a,development
..\data\raw\RAVDESS\Actor_05\03-01-03-01-01-01-05.wav,03-01-03-01-01-01-05.wav,05,03,happy,16000,1,4.004,128206,90140eaaac7e3376c736b8033ea1d38d,development
..\data\raw\RAVDESS\Actor_05\03-01-03-01-01-02-05.wav,03-01-03-01-01-02-05.wav,05,03,happy,16000,1,3.2365625,103648,e2100d84b079dce54301c293cd74aa81,development
..\data\raw\RAVDESS\Actor_05\03-01-03-01-02-01-05.wav,03-01-03-01-02-01-05.wav,05,03,happy,16000,1,3.3700625,107920,52fc9bd8e6b91d1fac9848cea7782d3a,development
..\data\raw\RAVDESS\Actor_05\03-01-03-01-02-02-05.wav,03-01-03-01-02-02-05.wav,05,03,happy,16000,1,3.7704375,120732,7869f7d258568aebaa613b53f48f8ff6,development
..\data\raw\RAVDESS\Actor_05\03-01-03-02-01-01-05.wav,03-01-03-02-01-01-05.wav,05,03,happy,16000,1,4.1375,132478,921c5a5400a02c8493372cb259b07466,development
..\data\raw\RAVDESS\Actor_05\03-01-03-02-01-02-05.wav,03-01-03-02-01-02-05.wav,05,03,happy,16000,1,3.8705625,123936,a9514583ac480f2a29acea82d090c0e0,development
..\data\raw\RAVDESS\Actor_05\03-01-03-02-02-01-05.wav,03-01-03-02-02-01-05.wav,05,03,happy,16000,1,3.603625,115394,57583294621ba801dec1873b193eacbf,development
..\data\raw\RAVDESS\Actor_05\03-01-03-02-02-02-05.wav,03-01-03-02-02-02-05.wav,05,03,happy,16000,1,3.4034375,108988,a6ae8011155cfcdd36b66a8ad463043a,development
..\data\raw\RAVDESS\Actor_05\03-01-04-01-01-01-05.wav,03-01-04-01-01-01-05.wav,05,04,sad,16000,1,3.2699375,104716,93a9971e97ece3246af5078044791393,development
..\data\raw\RAVDESS\Actor_05\03-01-04-01-01-02-05.wav,03-01-04-01-01-02-05.wav,05,04,sad,16000,1,3.637,116462,1e72b302584913cdb7be41d55dc129e8,development
..\data\raw\RAVDESS\Actor_05\03-01-04-01-02-01-05.wav,03-01-04-01-02-01-05.wav,05,04,sad,16000,1,3.103125,99378,19e99b620cab82b0de243bb6fbeefe1d,development
..\data\raw\RAVDESS\Actor_05\03-01-04-01-02-02-05.wav,03-01-04-01-02-02-05.wav,05,04,sad,16000,1,3.7036875,118596,bd1f66a69fa4fe0568f14520d42c6766,development
..\data\raw\RAVDESS\Actor_05\03-01-04-02-01-01-05.wav,03-01-04-02-01-01-05.wav,05,04,sad,16000,1,3.536875,113258,bd6c7a119c6a5a9e1fa4945b0e52f85d,development
..\data\raw\RAVDESS\Actor_05\03-01-04-02-01-02-05.wav,03-01-04-02-01-02-05.wav,05,04,sad,16000,1,3.2699375,104716,a2bcd200d7f31fc0e63e2dcdb0dc7cbf,development
..\data\raw\RAVDESS\Actor_05\03-01-04-02-02-01-05.wav,03-01-04-02-02-01-05.wav,05,04,sad,16000,1,3.2699375,104716,6e64ff33713edd36347f661d2b31baab,development
..\data\raw\RAVDESS\Actor_05\03-01-04-02-02-02-05.wav,03-01-04-02-02-02-05.wav,05,04,sad,16000,1,3.1365,100446,b70d1cb7c0f11eecd27840913b1c71f9,development
..\data\raw\RAVDESS\Actor_05\03-01-05-01-01-01-05.wav,03-01-05-01-01-01-05.wav,05,05,angry,16000,1,3.8705625,123936,5da3b2d436739fc39a7f1aa27df69833,development
..\data\raw\RAVDESS\Actor_05\03-01-05-01-01-02-05.wav,03-01-05-01-01-02-05.wav,05,05,angry,16000,1,3.8038125,121800,9652c2f2aca783509051972c28f0229b,development
..\data\raw\RAVDESS\Actor_05\03-01-05-01-02-01-05.wav,03-01-05-01-02-01-05.wav,05,05,angry,16000,1,4.07075,130342,08c882fd7e89dc67a3aeadfe6def4f95,development
..\data\raw\RAVDESS\Actor_05\03-01-05-01-02-02-05.wav,03-01-05-01-02-02-05.wav,05,05,angry,16000,1,4.4044375,141020,9cd69157f2b82e7e4af8cf0de49cdc57,development
..\data\raw\RAVDESS\Actor_05\03-01-05-02-01-01-05.wav,03-01-05-02-01-01-05.wav,05,05,angry,16000,1,3.4034375,108988,b14d2fc9c5588fc87685d640db4605ee,development
..\data\raw\RAVDESS\Actor_05\03-01-05-02-01-02-05.wav,03-01-05-02-01-02-05.wav,05,05,angry,16000,1,3.57025,114326,15cf3340b954ab210b4f1951c4d04127,development
..\data\raw\RAVDESS\Actor_05\03-01-05-02-02-01-05.wav,03-01-05-02-02-01-05.wav,05,05,angry,16000,1,3.637,116462,89efe9c678bebdfe31908eab6d362798,development
..\data\raw\RAVDESS\Actor_05\03-01-05-02-02-02-05.wav,03-01-05-02-02-02-05.wav,05,05,angry,16000,1,3.637,116462,c73ccc0b0c525c13f164fb91f518dece,development
..\data\raw\RAVDESS\Actor_05\03-01-06-01-01-01-05.wav,03-01-06-01-01-01-05.wav,05,06,fearful,16000,1,3.1365,100446,afa029ea683f5647ed367102627f8fd8,development
..\data\raw\RAVDESS\Actor_05\03-01-06-01-01-02-05.wav,03-01-06-01-01-02-05.wav,05,06,fearful,16000,1,3.3700625,107920,f95c6d92b2ad63438782c2fee4f2afdf,development
..\data\raw\RAVDESS\Actor_05\03-01-06-01-02-01-05.wav,03-01-06-01-02-01-05.wav,05,06,fearful,16000,1,3.1365,100446,971a2b96e882b99623c2e694b995f394,development
..\data\raw\RAVDESS\Actor_05\03-01-06-01-02-02-05.wav,03-01-06-01-02-02-05.wav,05,06,fearful,16000,1,3.06975,98310,4d68df903e7c3fff01be91ee984c8583,development
..\data\raw\RAVDESS\Actor_05\03-01-06-02-01-01-05.wav,03-01-06-02-01-01-05.wav,05,06,fearful,16000,1,3.2365625,103648,5724c3634bfbc43a862856ce0ccc07bb,development
..\data\raw\RAVDESS\Actor_05\03-01-06-02-01-02-05.wav,03-01-06-02-01-02-05.wav,05,06,fearful,16000,1,3.57025,114326,5d5348d5fc4d02edaa1dfc4151b2322b,development
..\data\raw\RAVDESS\Actor_05\03-01-06-02-02-01-05.wav,03-01-06-02-02-01-05.wav,05,06,fearful,16000,1,3.2365625,103648,2ac53ba30dc944f692f7d3c8a7e98f9d,development
..\data\raw\RAVDESS\Actor_05\03-01-06-02-02-02-05.wav,03-01-06-02-02-02-05.wav,05,06,fearful,16000,1,3.103125,99378,9af0aaceb54fae6a0775d75de20a9bd3,development
..\data\raw\RAVDESS\Actor_05\03-01-07-01-01-01-05.wav,03-01-07-01-01-01-05.wav,05,07,disgust,16000,1,4.3376875,138884,3c450e627b01ec837904241a782c9294,development
..\data\raw\RAVDESS\Actor_05\03-01-07-01-01-02-05.wav,03-01-07-01-01-02-05.wav,05,07,disgust,16000,1,4.104125,131410,92993125bf075fcf8630752a779358ef,development
..\data\raw\RAVDESS\Actor_05\03-01-07-01-02-01-05.wav,03-01-07-01-02-01-05.wav,05,07,disgust,16000,1,3.9039375,125004,5fe4d4cb44200aa1da7327ff18a3d651,development
..\data\raw\RAVDESS\Actor_05\03-01-07-01-02-02-05.wav,03-01-07-01-02-02-05.wav,05,07,disgust,16000,1,3.7370625,119664,3af72f82d91adf05e1facb676d7a1ff0,development
..\data\raw\RAVDESS\Actor_05\03-01-07-02-01-01-05.wav,03-01-07-02-01-01-05.wav,05,07,disgust,16000,1,4.3376875,138884,c3fe5fcdf85f822b112ca06fef6c1935,development
..\data\raw\RAVDESS\Actor_05\03-01-07-02-01-02-05.wav,03-01-07-02-01-02-05.wav,05,07,disgust,16000,1,3.9039375,125004,246f302940b1157412f6ebb40bc6f05d,development
..\data\raw\RAVDESS\Actor_05\03-01-07-02-02-01-05.wav,03-01-07-02-02-01-05.wav,05,07,disgust,16000,1,4.2709375,136748,32c695b382f15f3f67c72182232db2e3,development
..\data\raw\RAVDESS\Actor_05\03-01-07-02-02-02-05.wav,03-01-07-02-02-02-05.wav,05,07,disgust,16000,1,4.537875,145290,b6235d36fefe4176c235ed6770e8aa95,development
..\data\raw\RAVDESS\Actor_05\03-01-08-01-01-01-05.wav,03-01-08-01-01-01-05.wav,05,08,surprised,16000,1,3.7370625,119664,0c90e70d03b47f7f73a8a4e85cb5a83e,development
..\data\raw\RAVDESS\Actor_05\03-01-08-01-01-02-05.wav,03-01-08-01-01-02-05.wav,05,08,surprised,16000,1,3.670375,117530,62959e38edf73cccb86187e00724c983,development
..\data\raw\RAVDESS\Actor_05\03-01-08-01-02-01-05.wav,03-01-08-01-02-01-05.wav,05,08,surprised,16000,1,3.06975,98310,0eaf9d4e511d90584053ecbf76a94616,development
..\data\raw\RAVDESS\Actor_05\03-01-08-01-02-02-05.wav,03-01-08-01-02-02-05.wav,05,08,surprised,16000,1,3.7036875,118596,4516982bd65177257ee7bd25247e04a4,development
..\data\raw\RAVDESS\Actor_05\03-01-08-02-01-01-05.wav,03-01-08-02-01-01-05.wav,05,08,surprised,16000,1,4.1375,132478,d7034ab9f8cff22c0284749e54151675,development
..\data\raw\RAVDESS\Actor_05\03-01-08-02-01-02-05.wav,03-01-08-02-01-02-05.wav,05,08,surprised,16000,1,4.104125,131410,2c8f218001385c7d477fe88754e38b3f,development
..\data\raw\RAVDESS\Actor_05\03-01-08-02-02-01-05.wav,03-01-08-02-02-01-05.wav,05,08,surprised,16000,1,3.670375,117530,5dfa7c1e3a00358f79334976480c04fa,development
..\data\raw\RAVDESS\Actor_05\03-01-08-02-02-02-05.wav,03-01-08-02-02-02-05.wav,05,08,surprised,16000,1,3.536875,113258,f027f3243c34088be4d4d450881d336e,development
..\data\raw\RAVDESS\Actor_06\03-01-01-01-01-01-06.wav,03-01-01-01-01-01-06.wav,06,01,neutral,16000,1,3.3366875,106852,852ef13065b35566b436df7e3bdff776,development
..\data\raw\RAVDESS\Actor_06\03-01-01-01-01-02-06.wav,03-01-01-01-01-02-06.wav,06,01,neutral,16000,1,3.603625,115394,aebb5e26e78eeea4dc88a85260727cb7,development
..\data\raw\RAVDESS\Actor_06\03-01-01-01-02-01-06.wav,03-01-01-01-02-01-06.wav,06,01,neutral,16000,1,3.4034375,108988,266ab9186ca743f4d0bf218f236d514e,development
..\data\raw\RAVDESS\Actor_06\03-01-01-01-02-02-06.wav,03-01-01-01-02-02-06.wav,06,01,neutral,16000,1,3.4368125,110056,1223d56251fcea8b729e09f49bf6e2b9,development
..\data\raw\RAVDESS\Actor_06\03-01-02-01-01-01-06.wav,03-01-02-01-01-01-06.wav,06,02,calm,16000,1,4.037375,129274,65373753ca6a28a28cedd033fecd704a,development
..\data\raw\RAVDESS\Actor_06\03-01-02-01-01-02-06.wav,03-01-02-01-01-02-06.wav,06,02,calm,16000,1,4.104125,131410,a5c4c79efcd2b5c0bb574dd7fbed0426,development
..\data\raw\RAVDESS\Actor_06\03-01-02-01-02-01-06.wav,03-01-02-01-02-01-06.wav,06,02,calm,16000,1,3.970625,127138,83d598269549edb6c8e0cab4a9c61cda,development
..\data\raw\RAVDESS\Actor_06\03-01-02-01-02-02-06.wav,03-01-02-01-02-02-06.wav,06,02,calm,16000,1,4.2041875,134612,9735a3e5272b023bb08ae8f08866a602,development
..\data\raw\RAVDESS\Actor_06\03-01-02-02-01-01-06.wav,03-01-02-02-01-01-06.wav,06,02,calm,16000,1,4.5045,144222,101fa35de38cca1542588cff8dce73c7,development
..\data\raw\RAVDESS\Actor_06\03-01-02-02-01-02-06.wav,03-01-02-02-01-02-06.wav,06,02,calm,16000,1,4.638,148494,dbc575a9213bebc79988eded11039ee4,development
..\data\raw\RAVDESS\Actor_06\03-01-02-02-02-01-06.wav,03-01-02-02-02-01-06.wav,06,02,calm,16000,1,4.3376875,138884,be5c5f005b47f2cdb9699bb136af0326,development
..\data\raw\RAVDESS\Actor_06\03-01-02-02-02-02-06.wav,03-01-02-02-02-02-06.wav,06,02,calm,16000,1,4.7714375,152764,74eb13c90dcbe3f667495665134aa9bb,development
..\data\raw\RAVDESS\Actor_06\03-01-03-01-01-01-06.wav,03-01-03-01-01-01-06.wav,06,03,happy,16000,1,3.536875,113258,412d2604d0405cfe759fb90442cecb42,development
..\data\raw\RAVDESS\Actor_06\03-01-03-01-01-02-06.wav,03-01-03-01-01-02-06.wav,06,03,happy,16000,1,3.603625,115394,63ef43b133e1c1a995f564f27e1291a2,development
..\data\raw\RAVDESS\Actor_06\03-01-03-01-02-01-06.wav,03-01-03-01-02-01-06.wav,06,03,happy,16000,1,3.470125,111122,fe29ab773428c22c496319416eb46f97,development
..\data\raw\RAVDESS\Actor_06\03-01-03-01-02-02-06.wav,03-01-03-01-02-02-06.wav,06,03,happy,16000,1,3.4368125,110056,34ea960504d9abea4654d24746175514,development
..\data\raw\RAVDESS\Actor_06\03-01-03-02-01-01-06.wav,03-01-03-02-01-01-06.wav,06,03,happy,16000,1,3.5035,112190,9bdf403912ff66610412d12727dd6d80,development
..\data\raw\RAVDESS\Actor_06\03-01-03-02-01-02-06.wav,03-01-03-02-01-02-06.wav,06,03,happy,16000,1,3.470125,111122,a99f7b014115bb62b97113acef493a9a,development
..\data\raw\RAVDESS\Actor_06\03-01-03-02-02-01-06.wav,03-01-03-02-02-01-06.wav,06,03,happy,16000,1,3.57025,114326,71a87d7c3175182d4d65871e290771be,development
..\data\raw\RAVDESS\Actor_06\03-01-03-02-02-02-06.wav,03-01-03-02-02-02-06.wav,06,03,happy,16000,1,3.603625,115394,0aab3493d8b4d1bc1f2280db445a9855,development
..\data\raw\RAVDESS\Actor_06\03-01-04-01-01-01-06.wav,03-01-04-01-01-01-06.wav,06,04,sad,16000,1,3.57025,114326,f7d3fd4a20906afc16afa489c66ba2bc,development
..\data\raw\RAVDESS\Actor_06\03-01-04-01-01-02-06.wav,03-01-04-01-01-02-06.wav,06,04,sad,16000,1,3.603625,115394,cb9cf7ce755a8fa34ded11c489b1dde8,development
..\data\raw\RAVDESS\Actor_06\03-01-04-01-02-01-06.wav,03-01-04-01-02-01-06.wav,06,04,sad,16000,1,3.4701875,111124,4ed2f70ad1a69025f4ce872a09fc8fb5,development
..\data\raw\RAVDESS\Actor_06\03-01-04-01-02-02-06.wav,03-01-04-01-02-02-06.wav,06,04,sad,16000,1,3.4368125,110056,db4bd58753e8a8ea2df7c2e8424686cc,development
..\data\raw\RAVDESS\Actor_06\03-01-04-02-01-01-06.wav,03-01-04-02-01-01-06.wav,06,04,sad,16000,1,4.2041875,134612,a73e0549fdd112d60bc3ff73e1a77fcf,development
..\data\raw\RAVDESS\Actor_06\03-01-04-02-01-02-06.wav,03-01-04-02-01-02-06.wav,06,04,sad,16000,1,4.104125,131410,befb080e5db46b964ac1f21f9c0c8ee6,development
..\data\raw\RAVDESS\Actor_06\03-01-04-02-02-01-06.wav,03-01-04-02-02-01-06.wav,06,04,sad,16000,1,4.604625,147426,1e9796005a798c523b98623eb3bc040c,development
..\data\raw\RAVDESS\Actor_06\03-01-04-02-02-02-06.wav,03-01-04-02-02-02-06.wav,06,04,sad,16000,1,4.037375,129274,d476f6e4d3da18edfd341446ebb6e590,development
..\data\raw\RAVDESS\Actor_06\03-01-05-01-01-01-06.wav,03-01-05-01-01-01-06.wav,06,05,angry,16000,1,3.7704375,120732,fdb323d6c636c71f85891940f621ca70,development
..\data\raw\RAVDESS\Actor_06\03-01-05-01-01-02-06.wav,03-01-05-01-01-02-06.wav,06,05,angry,16000,1,3.970625,127138,5ab77941436db684f9e35933cf6ba18a,development
..\data\raw\RAVDESS\Actor_06\03-01-05-01-02-01-06.wav,03-01-05-01-02-01-06.wav,06,05,angry,16000,1,4.2041875,134612,f662f6a7f49186ccca8a3aaf64ab91a0,development
..\data\raw\RAVDESS\Actor_06\03-01-05-01-02-02-06.wav,03-01-05-01-02-02-06.wav,06,05,angry,16000,1,3.9039375,125004,16c8d59c9c114aebb8f2e7af4889c11d,development
..\data\raw\RAVDESS\Actor_06\03-01-05-02-01-01-06.wav,03-01-05-02-01-01-06.wav,06,05,angry,16000,1,4.104125,131410,d23622aef8c7c2263c5b9b52dddf8914,development
..\data\raw\RAVDESS\Actor_06\03-01-05-02-01-02-06.wav,03-01-05-02-01-02-06.wav,06,05,angry,16000,1,4.2041875,134612,9e79176e17faa3fbfecce67501c666fc,development
..\data\raw\RAVDESS\Actor_06\03-01-05-02-02-01-06.wav,03-01-05-02-02-01-06.wav,06,05,angry,16000,1,4.4378125,142088,f0b8799597653598a1eec1e67cf6337a,development
..\data\raw\RAVDESS\Actor_06\03-01-05-02-02-02-06.wav,03-01-05-02-02-02-06.wav,06,05,angry,16000,1,4.471125,143154,c3139ffb7abc32cb2b2775c377f249de,development
..\data\raw\RAVDESS\Actor_06\03-01-06-01-01-01-06.wav,03-01-06-01-01-01-06.wav,06,06,fearful,16000,1,3.637,116462,4eafd03b9a898bf231d36cff46da78ac,development
..\data\raw\RAVDESS\Actor_06\03-01-06-01-01-02-06.wav,03-01-06-01-01-02-06.wav,06,06,fearful,16000,1,3.4368125,110056,b7aab93d17fcaefeae90c43bb73b0b44,development
..\data\raw\RAVDESS\Actor_06\03-01-06-01-02-01-06.wav,03-01-06-01-02-01-06.wav,06,06,fearful,16000,1,3.57025,114326,2ed35e90a4ea5feacdfaa499d4451ded,development
..\data\raw\RAVDESS\Actor_06\03-01-06-01-02-02-06.wav,03-01-06-01-02-02-06.wav,06,06,fearful,16000,1,3.5035,112190,ef8271973ab0fddee8efe4fe63c91a02,development
..\data\raw\RAVDESS\Actor_06\03-01-06-02-01-01-06.wav,03-01-06-02-01-01-06.wav,06,06,fearful,16000,1,3.637,116462,ca0aeecd4b1833964979d463f491b8a1,development
..\data\raw\RAVDESS\Actor_06\03-01-06-02-01-02-06.wav,03-01-06-02-01-02-06.wav,06,06,fearful,16000,1,3.603625,115394,2bba17cf8074997b7099c849ccaf2cf2,development
..\data\raw\RAVDESS\Actor_06\03-01-06-02-02-01-06.wav,03-01-06-02-02-01-06.wav,06,06,fearful,16000,1,3.7370625,119664,512422f3d1fd698a4cb4ff4baaa801c4,development
..\data\raw\RAVDESS\Actor_06\03-01-06-02-02-02-06.wav,03-01-06-02-02-02-06.wav,06,06,fearful,16000,1,3.7370625,119664,05a85a0488093ffedbedddb1623afb1a,development
..\data\raw\RAVDESS\Actor_06\03-01-07-01-01-01-06.wav,03-01-07-01-01-01-06.wav,06,07,disgust,16000,1,3.5035,112190,2b15dfaafa7438759514826efab5ef81,development
..\data\raw\RAVDESS\Actor_06\03-01-07-01-01-02-06.wav,03-01-07-01-01-02-06.wav,06,07,disgust,16000,1,4.2709375,136748,77ed74f92ebe36a0cb9957c434cd9613,development
..\data\raw\RAVDESS\Actor_06\03-01-07-01-02-01-06.wav,03-01-07-01-02-01-06.wav,06,07,disgust,16000,1,3.7370625,119664,5286ea82e5b570b6a1bca240ffc58a2c,development
..\data\raw\RAVDESS\Actor_06\03-01-07-01-02-02-06.wav,03-01-07-01-02-02-06.wav,06,07,disgust,16000,1,3.9373125,126072,e19ef2160078eaa2f6e024bb58bfc9bf,development
..\data\raw\RAVDESS\Actor_06\03-01-07-02-01-01-06.wav,03-01-07-02-01-01-06.wav,06,07,disgust,16000,1,4.3043125,137816,2faef2f1da48781994d9a9b9e6f4ae2c,development
..\data\raw\RAVDESS\Actor_06\03-01-07-02-01-02-06.wav,03-01-07-02-01-02-06.wav,06,07,disgust,16000,1,3.9373125,126072,399effcd865d6ac54d16dc93960a8edf,development
..\data\raw\RAVDESS\Actor_06\03-01-07-02-02-01-06.wav,03-01-07-02-02-01-06.wav,06,07,disgust,16000,1,4.037375,129274,f393e7f776f77f1b5f72d251d80fa111,development
..\data\raw\RAVDESS\Actor_06\03-01-07-02-02-02-06.wav,03-01-07-02-02-02-06.wav,06,07,disgust,16000,1,3.970625,127138,2ea7789a2e0370beba0b99769e1d441d,development
..\data\raw\RAVDESS\Actor_06\03-01-08-01-01-01-06.wav,03-01-08-01-01-01-06.wav,06,08,surprised,16000,1,3.2365625,103648,37b9a2bca7d22befe5090422879238ce,development
..\data\raw\RAVDESS\Actor_06\03-01-08-01-01-02-06.wav,03-01-08-01-01-02-06.wav,06,08,surprised,16000,1,3.2365625,103648,f36da5fa2fb1db6f32c482fcc729a8d3,development
..\data\raw\RAVDESS\Actor_06\03-01-08-01-02-01-06.wav,03-01-08-01-02-01-06.wav,06,08,surprised,16000,1,3.20325,102582,e4de9ee7671bc510d93855acc52908aa,development
..\data\raw\RAVDESS\Actor_06\03-01-08-01-02-02-06.wav,03-01-08-01-02-02-06.wav,06,08,surprised,16000,1,3.1365,100446,2028c63a99a55366dfa33eb2142895ad,development
..\data\raw\RAVDESS\Actor_06\03-01-08-02-01-01-06.wav,03-01-08-02-01-01-06.wav,06,08,surprised,16000,1,3.2365625,103648,66206173319397627b3c180bd8ff3bdd,development
..\data\raw\RAVDESS\Actor_06\03-01-08-02-01-02-06.wav,03-01-08-02-01-02-06.wav,06,08,surprised,16000,1,3.3700625,107920,ac5fd79d8a2e45d9c708be84d8367320,development
..\data\raw\RAVDESS\Actor_06\03-01-08-02-02-01-06.wav,03-01-08-02-02-01-06.wav,06,08,surprised,16000,1,3.3033125,105784,80b73d8ec4fd72530535245ca0abbf37,development
..\data\raw\RAVDESS\Actor_06\03-01-08-02-02-02-06.wav,03-01-08-02-02-02-06.wav,06,08,surprised,16000,1,3.20325,102582,ea45f6cbc6e49f1487fcef25a5bb3853,development
..\data\raw\RAVDESS\Actor_07\03-01-01-01-01-01-07.wav,03-01-01-01-01-01-07.wav,07,01,neutral,16000,1,3.9039375,125004,0703d5a5e2768aed2676eabd187cecb3,development
..\data\raw\RAVDESS\Actor_07\03-01-01-01-01-02-07.wav,03-01-01-01-01-02-07.wav,07,01,neutral,16000,1,3.8038125,121800,03957fc2b783938d7a440b4ca67810b5,development
..\data\raw\RAVDESS\Actor_07\03-01-01-01-02-01-07.wav,03-01-01-01-02-01-07.wav,07,01,neutral,16000,1,4.1375,132478,098c86c8568e1f7b996dc9b99a4dd33b,development
..\data\raw\RAVDESS\Actor_07\03-01-01-01-02-02-07.wav,03-01-01-01-02-02-07.wav,07,01,neutral,16000,1,3.7370625,119664,fdfccce382c850f06033af52dc4fc753,development
..\data\raw\RAVDESS\Actor_07\03-01-02-01-01-01-07.wav,03-01-02-01-01-01-07.wav,07,02,calm,16000,1,3.470125,111122,daaa8f93c575fb3a0590292e5697e140,development
..\data\raw\RAVDESS\Actor_07\03-01-02-01-01-02-07.wav,03-01-02-01-01-02-07.wav,07,02,calm,16000,1,3.7370625,119664,78740c821757a3db46d2dfc7f1ccf307,development
..\data\raw\RAVDESS\Actor_07\03-01-02-01-02-01-07.wav,03-01-02-01-02-01-07.wav,07,02,calm,16000,1,3.5035,112190,195a9d04f5ba1cfa61adb29bb4f2c3b7,development
..\data\raw\RAVDESS\Actor_07\03-01-02-01-02-02-07.wav,03-01-02-01-02-02-07.wav,07,02,calm,16000,1,3.536875,113258,541138a7907660e5e3f14ca38309f967,development
..\data\raw\RAVDESS\Actor_07\03-01-02-02-01-01-07.wav,03-01-02-02-01-01-07.wav,07,02,calm,16000,1,4.004,128206,05d1cb82d7d596cead848c55a35ed826,development
..\data\raw\RAVDESS\Actor_07\03-01-02-02-01-02-07.wav,03-01-02-02-01-02-07.wav,07,02,calm,16000,1,3.8705625,123936,c5e6429dbfe532a9391c165db684d8e6,development
..\data\raw\RAVDESS\Actor_07\03-01-02-02-02-01-07.wav,03-01-02-02-02-01-07.wav,07,02,calm,16000,1,4.2709375,136748,aadca36f4a2d07213d21c99a134a5549,development
..\data\raw\RAVDESS\Actor_07\03-01-02-02-02-02-07.wav,03-01-02-02-02-02-07.wav,07,02,calm,16000,1,4.104125,131410,28aaf1dfd1690b31a30a1dbabeeaabc8,development
..\data\raw\RAVDESS\Actor_07\03-01-03-01-01-01-07.wav,03-01-03-01-01-01-07.wav,07,03,happy,16000,1,3.5035,112190,6de5370531443708a73fcd7dc6321c0f,development
..\data\raw\RAVDESS\Actor_07\03-01-03-01-01-02-07.wav,03-01-03-01-01-02-07.wav,07,03,happy,16000,1,3.470125,111122,9a0895445a24313a091065fa7637b217,development
..\data\raw\RAVDESS\Actor_07\03-01-03-01-02-01-07.wav,03-01-03-01-02-01-07.wav,07,03,happy,16000,1,3.4034375,108988,48c023f89e123728af492ae2c6d25899,development
..\data\raw\RAVDESS\Actor_07\03-01-03-02-01-01-07.wav,03-01-03-02-01-01-07.wav,07,03,happy,16000,1,4.104125,131410,5c61d5e7645c356d7c7ab853ed5c1fdc,development
..\data\raw\RAVDESS\Actor_07\03-01-03-02-01-02-07.wav,03-01-03-02-01-02-07.wav,07,03,happy,16000,1,4.037375,129274,f95d930948d602fb5c87d1e2af453f26,development
..\data\raw\RAVDESS\Actor_07\03-01-03-02-02-01-07.wav,03-01-03-02-02-01-07.wav,07,03,happy,16000,1,4.037375,129274,24f703bbfdf6a37ce028238f3a2558af,development
..\data\raw\RAVDESS\Actor_07\03-01-03-02-02-02-07.wav,03-01-03-02-02-02-07.wav,07,03,happy,16000,1,3.8371875,122868,fb6bf0ab510e8c4b2e92aa7109015d67,development
..\data\raw\RAVDESS\Actor_07\03-01-04-01-01-01-07.wav,03-01-04-01-01-01-07.wav,07,04,sad,16000,1,3.536875,113258,c67b2ad98d695f6dbb25d629d12fdc2d,development
..\data\raw\RAVDESS\Actor_07\03-01-04-01-01-02-07.wav,03-01-04-01-01-02-07.wav,07,04,sad,16000,1,3.603625,115394,5384ab80260317ed5912ac3495892b0a,development
..\data\raw\RAVDESS\Actor_07\03-01-04-01-02-01-07.wav,03-01-04-01-02-01-07.wav,07,04,sad,16000,1,3.536875,113258,e4b8264b1701ae1f067c840780c0257c,development
..\data\raw\RAVDESS\Actor_07\03-01-04-01-02-02-07.wav,03-01-04-01-02-02-07.wav,07,04,sad,16000,1,3.8705625,123936,2f753358c8d7603b87840af4fba2b245,development
..\data\raw\RAVDESS\Actor_07\03-01-04-02-01-01-07.wav,03-01-04-02-01-01-07.wav,07,04,sad,16000,1,3.93725,126070,ad23b52a2ebca3fbb8792c44417202fc,development
..\data\raw\RAVDESS\Actor_07\03-01-04-02-01-02-07.wav,03-01-04-02-01-02-07.wav,07,04,sad,16000,1,3.8371875,122868,5a7531f49211871ed347fefb6cc5dc88,development
..\data\raw\RAVDESS\Actor_07\03-01-04-02-02-01-07.wav,03-01-04-02-02-01-07.wav,07,04,sad,16000,1,3.637,116462,d1b998fed1e1e46a49e0360b7b4307d6,development
..\data\raw\RAVDESS\Actor_07\03-01-04-02-02-02-07.wav,03-01-04-02-02-02-07.wav,07,04,sad,16000,1,3.8371875,122868,0347a4a63b7509fd8134d000b360f202,development
..\data\raw\RAVDESS\Actor_07\03-01-05-01-01-01-07.wav,03-01-05-01-01-01-07.wav,07,05,angry,16000,1,4.004,128206,7624698719faa9756ef5f9d8639fd071,development
..\data\raw\RAVDESS\Actor_07\03-01-05-01-01-02-07.wav,03-01-05-01-01-02-07.wav,07,05,angry,16000,1,3.9706875,127140,8a21f7afc60e14ced7bf46755f0027b2,development
..\data\raw\RAVDESS\Actor_07\03-01-05-01-02-01-07.wav,03-01-05-01-02-01-07.wav,07,05,angry,16000,1,4.004,128206,ec15242efee83e4bd018c371f34505c7,development
..\data\raw\RAVDESS\Actor_07\03-01-05-01-02-02-07.wav,03-01-05-01-02-02-07.wav,07,05,angry,16000,1,4.004,128206,2909e8d6619ebccd1c3ae45ab79914bd,development
..\data\raw\RAVDESS\Actor_07\03-01-05-02-01-01-07.wav,03-01-05-02-01-01-07.wav,07,05,angry,16000,1,3.603625,115394,4e9784bfb5c11abd16619e10eebd2227,development
..\data\raw\RAVDESS\Actor_07\03-01-05-02-01-02-07.wav,03-01-05-02-01-02-07.wav,07,05,angry,16000,1,4.004,128206,aa0b5b6ab3fc508e1f6dacdb579e8d75,development
..\data\raw\RAVDESS\Actor_07\03-01-05-02-02-01-07.wav,03-01-05-02-02-01-07.wav,07,05,angry,16000,1,3.8371875,122868,86b2ab9972386edbe2ebf5f6bc5c864e,development
..\data\raw\RAVDESS\Actor_07\03-01-05-02-02-02-07.wav,03-01-05-02-02-02-07.wav,07,05,angry,16000,1,4.3376875,138884,c1341f613953c32e1081c16086a3c9f1,development
..\data\raw\RAVDESS\Actor_07\03-01-06-01-01-01-07.wav,03-01-06-01-01-01-07.wav,07,06,fearful,16000,1,3.4368125,110056,ab3d96d601652dc3d19aaa4ff54659bb,development
..\data\raw\RAVDESS\Actor_07\03-01-06-01-01-02-07.wav,03-01-06-01-01-02-07.wav,07,06,fearful,16000,1,3.5035,112190,0da1f856f36529d3d5361f0b2bd74019,development
..\data\raw\RAVDESS\Actor_07\03-01-06-01-02-01-07.wav,03-01-06-01-02-01-07.wav,07,06,fearful,16000,1,3.4368125,110056,1bfd2d131bea0143e8af6734bbb7525c,development
..\data\raw\RAVDESS\Actor_07\03-01-06-01-02-02-07.wav,03-01-06-01-02-02-07.wav,07,06,fearful,16000,1,3.3700625,107920,e1443659c2b5b5283d3d9a56ded061b2,development
..\data\raw\RAVDESS\Actor_07\03-01-06-02-01-01-07.wav,03-01-06-02-01-01-07.wav,07,06,fearful,16000,1,3.637,116462,3001f7a5dd866dcbd0fc70fdeed95de1,development
..\data\raw\RAVDESS\Actor_07\03-01-06-02-01-02-07.wav,03-01-06-02-01-02-07.wav,07,06,fearful,16000,1,3.470125,111122,9f3df22382c23d8d8c82322e08946e96,development
..\data\raw\RAVDESS\Actor_07\03-01-06-02-02-01-07.wav,03-01-06-02-02-01-07.wav,07,06,fearful,16000,1,3.4034375,108988,5cfbe1df5bea653664673a2efb85e6a6,development
..\data\raw\RAVDESS\Actor_07\03-01-06-02-02-02-07.wav,03-01-06-02-02-02-07.wav,07,06,fearful,16000,1,3.5035,112190,d006e8a2fde64fee17cdf90ac3ff1c40,development
..\data\raw\RAVDESS\Actor_07\03-01-07-01-01-01-07.wav,03-01-07-01-01-01-07.wav,07,07,disgust,16000,1,3.536875,113258,e17c00882be7fbeb2ae93f8ed0956905,development
..\data\raw\RAVDESS\Actor_07\03-01-07-01-01-02-07.wav,03-01-07-01-01-02-07.wav,07,07,disgust,16000,1,3.5035,112190,94b247ba0747d0ce08e19b6113d0ea57,development
..\data\raw\RAVDESS\Actor_07\03-01-07-01-02-01-07.wav,03-01-07-01-02-01-07.wav,07,07,disgust,16000,1,3.4368125,110056,9283cf07d405851c75c826828670498a,development
..\data\raw\RAVDESS\Actor_07\03-01-07-01-02-02-07.wav,03-01-07-01-02-02-07.wav,07,07,disgust,16000,1,3.536875,113258,dbc416049be41b7745cf9740112a21db,development
..\data\raw\RAVDESS\Actor_07\03-01-07-02-01-01-07.wav,03-01-07-02-01-01-07.wav,07,07,disgust,16000,1,4.1375,132478,534ae1001b9abceb84f56158b19d4b2d,development
..\data\raw\RAVDESS\Actor_07\03-01-07-02-01-02-07.wav,03-01-07-02-01-02-07.wav,07,07,disgust,16000,1,4.4044375,141020,9f9587bb20b74b0e9ab8ce6370ecfe2b,development
..\data\raw\RAVDESS\Actor_07\03-01-07-02-02-01-07.wav,03-01-07-02-02-01-07.wav,07,07,disgust,16000,1,4.1375,132478,f2932562bc01cecb9048c00584dcfee2,development
..\data\raw\RAVDESS\Actor_07\03-01-07-02-02-02-07.wav,03-01-07-02-02-02-07.wav,07,07,disgust,16000,1,4.7714375,152764,216d0c0988f4e9552d7a0bfeff719cfc,development
..\data\raw\RAVDESS\Actor_07\03-01-08-01-01-01-07.wav,03-01-08-01-01-01-07.wav,07,08,surprised,16000,1,3.470125,111122,62f30867369b16b7607e811d339c309c,development
..\data\raw\RAVDESS\Actor_07\03-01-08-01-01-02-07.wav,03-01-08-01-01-02-07.wav,07,08,surprised,16000,1,3.536875,113258,99b87a12eac6850d16b3b8f8876adeef,development
..\data\raw\RAVDESS\Actor_07\03-01-08-01-02-01-07.wav,03-01-08-01-02-01-07.wav,07,08,surprised,16000,1,3.4368125,110056,2aab111651dc1b7af3ede7abca6ef464,development
..\data\raw\RAVDESS\Actor_07\03-01-08-01-02-02-07.wav,03-01-08-01-02-02-07.wav,07,08,surprised,16000,1,3.4368125,110056,e5e4789ed1e2e0b7c089ea3f2b2f8b19,development
..\data\raw\RAVDESS\Actor_07\03-01-08-02-01-01-07.wav,03-01-08-02-01-01-07.wav,07,08,surprised,16000,1,3.8705625,123936,f49dc9fdf18e3dd698eb32a626c9d8ae,development
..\data\raw\RAVDESS\Actor_07\03-01-08-02-01-02-07.wav,03-01-08-02-01-02-07.wav,07,08,surprised,16000,1,3.637,116462,62c3a2d9882ba6b386bf2bf34dca5a30,development
..\data\raw\RAVDESS\Actor_07\03-01-08-02-02-01-07.wav,03-01-08-02-02-01-07.wav,07,08,surprised,16000,1,3.4368125,110056,6879dc3cd65c98cc940a4fc3184b9d07,development
..\data\raw\RAVDESS\Actor_07\03-01-08-02-02-02-07.wav,03-01-08-02-02-02-07.wav,07,08,surprised,16000,1,3.470125,111122,4b041fa3a701609330f941be46c67e71,development
..\data\raw\RAVDESS\Actor_08\03-01-01-01-01-01-08.wav,03-01-01-01-01-01-08.wav,08,01,neutral,16000,1,3.5035,112190,6b7f440a182a11fe954002fd107116b8,development
..\data\raw\RAVDESS\Actor_08\03-01-01-01-01-02-08.wav,03-01-01-01-01-02-08.wav,08,01,neutral,16000,1,3.637,116462,4a01377a28a0c690033978da2745bee9,development
..\data\raw\RAVDESS\Actor_08\03-01-01-01-02-01-08.wav,03-01-01-01-02-01-08.wav,08,01,neutral,16000,1,3.536875,113258,7160a1abbfc07ed37aa153faea651f4b,development
..\data\raw\RAVDESS\Actor_08\03-01-01-01-02-02-08.wav,03-01-01-01-02-02-08.wav,08,01,neutral,16000,1,3.5035,112190,3248c26372086fffce01e9d1eb4d1b99,development
..\data\raw\RAVDESS\Actor_08\03-01-02-01-01-01-08.wav,03-01-02-01-01-01-08.wav,08,02,calm,16000,1,3.603625,115394,d69cd8fc4530da2264c3d81bc8966a24,development
..\data\raw\RAVDESS\Actor_08\03-01-02-01-01-02-08.wav,03-01-02-01-01-02-08.wav,08,02,calm,16000,1,3.4034375,108988,a4569e811079396606358b4070da51fc,development
..\data\raw\RAVDESS\Actor_08\03-01-02-01-02-01-08.wav,03-01-02-01-02-01-08.wav,08,02,calm,16000,1,3.470125,111122,6e6484883771a15a84301d64a746f555,development
..\data\raw\RAVDESS\Actor_08\03-01-02-01-02-02-08.wav,03-01-02-01-02-02-08.wav,08,02,calm,16000,1,3.470125,111122,8aeac850ccf9032d3dbaedf5e747628b,development
..\data\raw\RAVDESS\Actor_08\03-01-02-02-01-01-08.wav,03-01-02-02-01-01-08.wav,08,02,calm,16000,1,3.637,116462,9d94c70c7cefcce4c4e4d3810630ad1c,development
..\data\raw\RAVDESS\Actor_08\03-01-02-02-01-02-08.wav,03-01-02-02-01-02-08.wav,08,02,calm,16000,1,3.7370625,119664,a06eb59dedf98eeab0930b92b6afc066,development
..\data\raw\RAVDESS\Actor_08\03-01-02-02-02-01-08.wav,03-01-02-02-02-01-08.wav,08,02,calm,16000,1,3.670375,117530,cce4834b05c3ffc51615b8d406c85411,development
..\data\raw\RAVDESS\Actor_08\03-01-02-02-02-02-08.wav,03-01-02-02-02-02-08.wav,08,02,calm,16000,1,3.8038125,121800,fe2f4302f6a0535fa08f0e66850bd31c,development
..\data\raw\RAVDESS\Actor_08\03-01-03-01-01-01-08.wav,03-01-03-01-01-01-08.wav,08,03,happy,16000,1,3.5035,112190,c5a8e90ecf940f346355a0482916eee5,development
..\data\raw\RAVDESS\Actor_08\03-01-03-01-01-02-08.wav,03-01-03-01-01-02-08.wav,08,03,happy,16000,1,3.43675,110054,7f161798b98b55e03d4644c9dfcc0425,development
..\data\raw\RAVDESS\Actor_08\03-01-03-01-02-01-08.wav,03-01-03-01-02-01-08.wav,08,03,happy,16000,1,3.470125,111122,7b1887510b19d96be065d8d8b5f48565,development
..\data\raw\RAVDESS\Actor_08\03-01-03-01-02-02-08.wav,03-01-03-01-02-02-08.wav,08,03,happy,16000,1,3.4368125,110056,013d85503fc4e6ad580186b3170d9301,development
..\data\raw\RAVDESS\Actor_08\03-01-03-02-01-01-08.wav,03-01-03-02-01-01-08.wav,08,03,happy,16000,1,3.7704375,120732,d36053b90a9d9412cfffb9160c0c12a6,development
..\data\raw\RAVDESS\Actor_08\03-01-03-02-01-02-08.wav,03-01-03-02-01-02-08.wav,08,03,happy,16000,1,3.9039375,125004,ef94f9a217cba00f5390ba524fdd998e,development
..\data\raw\RAVDESS\Actor_08\03-01-03-02-02-01-08.wav,03-01-03-02-02-01-08.wav,08,03,happy,16000,1,3.8371875,122868,3026806558e63bc62fa1030f3e759545,development
..\data\raw\RAVDESS\Actor_08\03-01-03-02-02-02-08.wav,03-01-03-02-02-02-08.wav,08,03,happy,16000,1,3.9373125,126072,84cdaabe6d6546a7d697be1681352a22,development
..\data\raw\RAVDESS\Actor_08\03-01-04-01-01-01-08.wav,03-01-04-01-01-01-08.wav,08,04,sad,16000,1,4.20425,134614,1b642c727a1fb5a211c405dded36e69e,development
..\data\raw\RAVDESS\Actor_08\03-01-04-01-01-02-08.wav,03-01-04-01-01-02-08.wav,08,04,sad,16000,1,3.8705625,123936,2a7614946918d8cd9e2da3795cf149e3,development
..\data\raw\RAVDESS\Actor_08\03-01-04-01-02-01-08.wav,03-01-04-01-02-01-08.wav,08,04,sad,16000,1,3.57025,114326,dbf5110d0ffe0018d4a0926d87fec8a3,development
..\data\raw\RAVDESS\Actor_08\03-01-04-01-02-02-08.wav,03-01-04-01-02-02-08.wav,08,04,sad,16000,1,3.603625,115394,5ed0999e21a6e00230208fc3f2a81aed,development
..\data\raw\RAVDESS\Actor_08\03-01-04-02-01-01-08.wav,03-01-04-02-01-01-08.wav,08,04,sad,16000,1,3.7704375,120732,b524164eeccb167cae0aca2f9293cbd7,development
..\data\raw\RAVDESS\Actor_08\03-01-04-02-01-02-08.wav,03-01-04-02-01-02-08.wav,08,04,sad,16000,1,3.9373125,126072,7f2b7b8c460a0f3e0732211925b5aaff,development
..\data\raw\RAVDESS\Actor_08\03-01-04-02-02-01-08.wav,03-01-04-02-02-01-08.wav,08,04,sad,16000,1,3.670375,117530,7e0869f747b17c990e062a75f1a58ed1,development
..\data\raw\RAVDESS\Actor_08\03-01-04-02-02-02-08.wav,03-01-04-02-02-02-08.wav,08,04,sad,16000,1,3.70375,118598,79753371629484abbb4555233fa58187,development
..\data\raw\RAVDESS\Actor_08\03-01-05-01-01-01-08.wav,03-01-05-01-01-01-08.wav,08,05,angry,16000,1,3.70375,118598,3bc2c5f7712a71a8a1a034dc735ffe30,development
..\data\raw\RAVDESS\Actor_08\03-01-05-01-01-02-08.wav,03-01-05-01-01-02-08.wav,08,05,angry,16000,1,3.603625,115394,e3f8a6a35082f2a2a1ae29476b7f01f1,development
..\data\raw\RAVDESS\Actor_08\03-01-05-01-02-01-08.wav,03-01-05-01-02-01-08.wav,08,05,angry,16000,1,3.536875,113258,b72937979e4676373954e9d19c419ce1,development
..\data\raw\RAVDESS\Actor_08\03-01-05-01-02-02-08.wav,03-01-05-01-02-02-08.wav,08,05,angry,16000,1,3.57025,114326,286280b4307ce1d455d5924c935ba1aa,development
..\data\raw\RAVDESS\Actor_08\03-01-05-02-01-01-08.wav,03-01-05-02-01-01-08.wav,08,05,angry,16000,1,3.970625,127138,d1b864a6054f036bb0170d6a5832df0c,development
..\data\raw\RAVDESS\Actor_08\03-01-05-02-01-02-08.wav,03-01-05-02-01-02-08.wav,08,05,angry,16000,1,3.7704375,120732,15f4f75fe2686d0085ab775d10fbf52a,development
..\data\raw\RAVDESS\Actor_08\03-01-05-02-02-01-08.wav,03-01-05-02-02-01-08.wav,08,05,angry,16000,1,3.603625,115394,78e4bc51374282dbbec7610741c53f12,development
..\data\raw\RAVDESS\Actor_08\03-01-05-02-02-02-08.wav,03-01-05-02-02-02-08.wav,08,05,angry,16000,1,3.637,116462,d1802fb7701e05d0317241a2ba41c590,development
..\data\raw\RAVDESS\Actor_08\03-01-06-01-01-01-08.wav,03-01-06-01-01-01-08.wav,08,06,fearful,16000,1,3.9706875,127140,6b0271e8a456fd9fdff6f678ea7776c2,development
..\data\raw\RAVDESS\Actor_08\03-01-06-01-01-02-08.wav,03-01-06-01-01-02-08.wav,08,06,fearful,16000,1,3.670375,117530,1a9f3027f4045c6b35491e8d6063ca8c,development
..\data\raw\RAVDESS\Actor_08\03-01-06-01-02-01-08.wav,03-01-06-01-02-01-08.wav,08,06,fearful,16000,1,3.7704375,120732,60c5083a53a28414029c2eecdc2860a6,development
..\data\raw\RAVDESS\Actor_08\03-01-06-01-02-02-08.wav,03-01-06-01-02-02-08.wav,08,06,fearful,16000,1,3.670375,117530,ddc74873a354e637e36a9bbfff7bc389,development
..\data\raw\RAVDESS\Actor_08\03-01-06-02-01-01-08.wav,03-01-06-02-01-01-08.wav,08,06,fearful,16000,1,3.970625,127138,35d1112cdf9e5455a9e855b094ac2cc4,development
..\data\raw\RAVDESS\Actor_08\03-01-06-02-01-02-08.wav,03-01-06-02-01-02-08.wav,08,06,fearful,16000,1,3.9039375,125004,12276386953410f0a659f423542f1185,development
..\data\raw\RAVDESS\Actor_08\03-01-06-02-02-01-08.wav,03-01-06-02-02-01-08.wav,08,06,fearful,16000,1,3.8705625,123936,4ab0680889541445ff48765996caf3fd,development
..\data\raw\RAVDESS\Actor_08\03-01-06-02-02-02-08.wav,03-01-06-02-02-02-08.wav,08,06,fearful,16000,1,3.9373125,126072,703478a40fb5a54416ef1e97d96e081f,development
..\data\raw\RAVDESS\Actor_08\03-01-07-01-01-01-08.wav,03-01-07-01-01-01-08.wav,08,07,disgust,16000,1,3.9039375,125004,f23a82beac0f832ba85dc37c8652eaf5,development
..\data\raw\RAVDESS\Actor_08\03-01-07-01-01-02-08.wav,03-01-07-01-01-02-08.wav,08,07,disgust,16000,1,3.670375,117530,dc4fa45fa6a854fec8dc9429c2558f09,development
..\data\raw\RAVDESS\Actor_08\03-01-07-01-02-01-08.wav,03-01-07-01-02-01-08.wav,08,07,disgust,16000,1,3.9373125,126072,9f691b6272f6e960feb40e3b9e3feb46,development
..\data\raw\RAVDESS\Actor_08\03-01-07-01-02-02-08.wav,03-01-07-01-02-02-08.wav,08,07,disgust,16000,1,3.8371875,122868,830363515be467a3f28dfd39b464478c,development
..\data\raw\RAVDESS\Actor_08\03-01-07-02-01-01-08.wav,03-01-07-02-01-01-08.wav,08,07,disgust,16000,1,4.07075,130342,335e6ec27285eecdd01a8d6ba15cc104,development
..\data\raw\RAVDESS\Actor_08\03-01-07-02-01-02-08.wav,03-01-07-02-01-02-08.wav,08,07,disgust,16000,1,3.7704375,120732,c625e0825781f69e7e8bbc3209a29b8e,development
..\data\raw\RAVDESS\Actor_08\03-01-07-02-02-01-08.wav,03-01-07-02-02-01-08.wav,08,07,disgust,16000,1,3.737125,119666,491e224059f5fbdef6db23587ca00cf5,development
..\data\raw\RAVDESS\Actor_08\03-01-07-02-02-02-08.wav,03-01-07-02-02-02-08.wav,08,07,disgust,16000,1,3.8705625,123936,0cf4343a5ab2fc96c325405f760828d6,development
..\data\raw\RAVDESS\Actor_08\03-01-08-01-01-01-08.wav,03-01-08-01-01-01-08.wav,08,08,surprised,16000,1,3.70375,118598,0a5774409837dcd2b761443c7962d0e7,development
..\data\raw\RAVDESS\Actor_08\03-01-08-01-01-02-08.wav,03-01-08-01-01-02-08.wav,08,08,surprised,16000,1,3.8038125,121800,96738aef4a3af83589661a4548edd6da,development
..\data\raw\RAVDESS\Actor_08\03-01-08-01-02-01-08.wav,03-01-08-01-02-01-08.wav,08,08,surprised,16000,1,3.7704375,120732,ea64631da1fd3dea6ccdad431e356ffe,development
..\data\raw\RAVDESS\Actor_08\03-01-08-01-02-02-08.wav,03-01-08-01-02-02-08.wav,08,08,surprised,16000,1,3.536875,113258,42d01e87501612eb6050d0622f1c00b6,development
..\data\raw\RAVDESS\Actor_08\03-01-08-02-01-01-08.wav,03-01-08-02-01-01-08.wav,08,08,surprised,16000,1,3.8371875,122868,c427ccee1e0bd6c39c1f116f7c210a91,development
..\data\raw\RAVDESS\Actor_08\03-01-08-02-01-02-08.wav,03-01-08-02-01-02-08.wav,08,08,surprised,16000,1,3.7036875,118596,607982e9a058c532430ebeaf299df5c2,development
..\data\raw\RAVDESS\Actor_08\03-01-08-02-02-01-08.wav,03-01-08-02-02-01-08.wav,08,08,surprised,16000,1,3.8038125,121800,92e9f373efd14642089099647507b7a7,development
..\data\raw\RAVDESS\Actor_08\03-01-08-02-02-02-08.wav,03-01-08-02-02-02-08.wav,08,08,surprised,16000,1,3.8705625,123936,4f67df8e542999eec923b2045b4c6218,development
..\data\raw\RAVDESS\Actor_09\03-01-01-01-01-01-09.wav,03-01-01-01-01-01-09.wav,09,01,neutral,16000,1,3.2699375,104716,7da2d7b4bdef6b6e7b4e982cc70bd15a,development
..\data\raw\RAVDESS\Actor_09\03-01-01-01-01-02-09.wav,03-01-01-01-01-02-09.wav,09,01,neutral,16000,1,3.20325,102582,d87f893060bb1cab3f63785681ce2225,development
..\data\raw\RAVDESS\Actor_09\03-01-01-01-02-01-09.wav,03-01-01-01-02-01-09.wav,09,01,neutral,16000,1,3.3366875,106852,1b6a84bc6dbd58d1ca563c156672664a,development
..\data\raw\RAVDESS\Actor_09\03-01-01-01-02-02-09.wav,03-01-01-01-02-02-09.wav,09,01,neutral,16000,1,3.236625,103650,b28602c628d95ef3f28078508c8887c9,development
..\data\raw\RAVDESS\Actor_09\03-01-02-01-01-01-09.wav,03-01-02-01-01-01-09.wav,09,02,calm,16000,1,3.3366875,106852,3000a6adb761f472e289b63d42c95e51,development
..\data\raw\RAVDESS\Actor_09\03-01-02-01-01-02-09.wav,03-01-02-01-01-02-09.wav,09,02,calm,16000,1,3.3366875,106852,aacf337cd1ee6e27461409a268643cdc,development
..\data\raw\RAVDESS\Actor_09\03-01-02-01-02-01-09.wav,03-01-02-01-02-01-09.wav,09,02,calm,16000,1,3.4701875,111124,c08b96fd25bb0b178ff651a874b03010,development
..\data\raw\RAVDESS\Actor_09\03-01-02-01-02-02-09.wav,03-01-02-01-02-02-09.wav,09,02,calm,16000,1,3.57025,114326,b2d41dfedecf7f08d6f9f8f9cd4171b1,development
..\data\raw\RAVDESS\Actor_09\03-01-02-02-01-01-09.wav,03-01-02-02-01-01-09.wav,09,02,calm,16000,1,3.3366875,106852,26e96a1416a5960233a46b50e11a37f4,development
..\data\raw\RAVDESS\Actor_09\03-01-02-02-01-02-09.wav,03-01-02-02-01-02-09.wav,09,02,calm,16000,1,3.4368125,110056,6486dd7a6d27194cb03d17165e68b519,development
..\data\raw\RAVDESS\Actor_09\03-01-02-02-02-01-09.wav,03-01-02-02-02-01-09.wav,09,02,calm,16000,1,3.8038125,121800,426b2b5d3d7d8e2bd3da391bb877edee,development
..\data\raw\RAVDESS\Actor_09\03-01-02-02-02-02-09.wav,03-01-02-02-02-02-09.wav,09,02,calm,16000,1,3.637,116462,0469b581b17e63eb9e3006965bfa64dc,development
..\data\raw\RAVDESS\Actor_09\03-01-03-01-01-01-09.wav,03-01-03-01-01-01-09.wav,09,03,happy,16000,1,3.3366875,106852,3abfd8874ac377c77e16e9f9976b9e26,development
..\data\raw\RAVDESS\Actor_09\03-01-03-01-01-02-09.wav,03-01-03-01-01-02-09.wav,09,03,happy,16000,1,3.536875,113258,a94f177d1905ffde53ee32d58c3f8ae7,development
..\data\raw\RAVDESS\Actor_09\03-01-03-01-02-01-09.wav,03-01-03-01-02-01-09.wav,09,03,happy,16000,1,3.3033125,105784,d25b765bab8fbfe20aef42869d9e3ac6,development
..\data\raw\RAVDESS\Actor_09\03-01-03-01-02-02-09.wav,03-01-03-01-02-02-09.wav,09,03,happy,16000,1,3.4701875,111124,b6e1cffaf89558c3eaf4bcefcc2abbbf,development
..\data\raw\RAVDESS\Actor_09\03-01-03-02-01-01-09.wav,03-01-03-02-01-01-09.wav,09,03,happy,16000,1,3.7704375,120732,71d59a1bac380aeb55c2ec8f408077ad,development
..\data\raw\RAVDESS\Actor_09\03-01-03-02-01-02-09.wav,03-01-03-02-01-02-09.wav,09,03,happy,16000,1,4.170875,133546,11cd054ac2b00e532812d3d02310fa90,development
..\data\raw\RAVDESS\Actor_09\03-01-03-02-02-01-09.wav,03-01-03-02-02-01-09.wav,09,03,happy,16000,1,3.57025,114326,390fdfbae3f6449f12fe650f99495552,development
..\data\raw\RAVDESS\Actor_09\03-01-03-02-02-02-09.wav,03-01-03-02-02-02-09.wav,09,03,happy,16000,1,3.57025,114326,36ca30c3a4e7907bac4ddf4818ac6b8f,development
..\data\raw\RAVDESS\Actor_09\03-01-04-01-01-01-09.wav,03-01-04-01-01-01-09.wav,09,04,sad,16000,1,3.2699375,104716,947226b4e386d1b8484f24f4fe428f0f,development
..\data\raw\RAVDESS\Actor_09\03-01-04-01-01-02-09.wav,03-01-04-01-01-02-09.wav,09,04,sad,16000,1,3.43675,110054,f49f228d7e862bac39ac9734b67cca62,development
..\data\raw\RAVDESS\Actor_09\03-01-04-01-02-01-09.wav,03-01-04-01-02-01-09.wav,09,04,sad,16000,1,3.4034375,108988,0fac0496c26751d84dc0bdb4a83888f9,development
..\data\raw\RAVDESS\Actor_09\03-01-04-01-02-02-09.wav,03-01-04-01-02-02-09.wav,09,04,sad,16000,1,3.4034375,108988,df585964cf44d927aa1974c11db68d90,development
..\data\raw\RAVDESS\Actor_09\03-01-04-02-01-01-09.wav,03-01-04-02-01-01-09.wav,09,04,sad,16000,1,3.9373125,126072,a485cdea5d35a05e31dadf246fbd1085,development
..\data\raw\RAVDESS\Actor_09\03-01-04-02-01-02-09.wav,03-01-04-02-01-02-09.wav,09,04,sad,16000,1,3.9039375,125004,bc3e1f599b0676b48c94dbdf5631a17e,development
..\data\raw\RAVDESS\Actor_09\03-01-04-02-02-01-09.wav,03-01-04-02-02-01-09.wav,09,04,sad,16000,1,3.637,116462,de0b6de56bb0566fb763775cfa3e623f,development
..\data\raw\RAVDESS\Actor_09\03-01-04-02-02-02-09.wav,03-01-04-02-02-02-09.wav,09,04,sad,16000,1,3.8705625,123936,c2d5b900d086d51e4ecedd69a2e54a7e,development
..\data\raw\RAVDESS\Actor_09\03-01-05-01-01-01-09.wav,03-01-05-01-01-01-09.wav,09,05,angry,16000,1,3.57025,114326,9735b8869aeaf089da4a26968aa87408,development
..\data\raw\RAVDESS\Actor_09\03-01-05-01-01-02-09.wav,03-01-05-01-01-02-09.wav,09,05,angry,16000,1,3.57025,114326,e52e4b7f5d66f7e302f8f9cf01c0717c,development
..\data\raw\RAVDESS\Actor_09\03-01-05-01-02-01-09.wav,03-01-05-01-02-01-09.wav,09,05,angry,16000,1,3.7370625,119664,5e45109031d4cb3f93f1544989e090bb,development
..\data\raw\RAVDESS\Actor_09\03-01-05-01-02-02-09.wav,03-01-05-01-02-02-09.wav,09,05,angry,16000,1,3.536875,113258,d0f9bcaff81279929a078a9c44fa9661,development
..\data\raw\RAVDESS\Actor_09\03-01-05-02-01-01-09.wav,03-01-05-02-01-01-09.wav,09,05,angry,16000,1,3.8038125,121800,e4e03417b4fce3c29c9aea2d8470d44b,development
..\data\raw\RAVDESS\Actor_09\03-01-05-02-01-02-09.wav,03-01-05-02-01-02-09.wav,09,05,angry,16000,1,3.7704375,120732,69d35b3ba2a9c99f44ab9e8815022c20,development
..\data\raw\RAVDESS\Actor_09\03-01-05-02-02-01-09.wav,03-01-05-02-02-01-09.wav,09,05,angry,16000,1,4.3710625,139952,290ebaa94bd4bf0489ec880d1b8ed29d,development
..\data\raw\RAVDESS\Actor_09\03-01-05-02-02-02-09.wav,03-01-05-02-02-02-09.wav,09,05,angry,16000,1,3.9706875,127140,eb94a62ef4e96764ec64b4bf59b73f9d,development
..\data\raw\RAVDESS\Actor_09\03-01-06-01-01-01-09.wav,03-01-06-01-01-01-09.wav,09,06,fearful,16000,1,3.169875,101514,b8743cbd6c440653986d965f656d0a9e,development
..\data\raw\RAVDESS\Actor_09\03-01-06-01-01-02-09.wav,03-01-06-01-01-02-09.wav,09,06,fearful,16000,1,3.169875,101514,083b60131606141e65bb59399982b92c,development
..\data\raw\RAVDESS\Actor_09\03-01-06-01-02-01-09.wav,03-01-06-01-02-01-09.wav,09,06,fearful,16000,1,3.1365,100446,a067408331b70f6d5a4094629a39b49b,development
..\data\raw\RAVDESS\Actor_09\03-01-06-01-02-02-09.wav,03-01-06-01-02-02-09.wav,09,06,fearful,16000,1,3.1365,100446,cd7d4aaa88435c6e4f4ad864a28e627a,development
..\data\raw\RAVDESS\Actor_09\03-01-06-02-01-01-09.wav,03-01-06-02-01-01-09.wav,09,06,fearful,16000,1,3.2365625,103648,beff378ae4d200f7c9a26bf85a40b03c,development
..\data\raw\RAVDESS\Actor_09\03-01-06-02-01-02-09.wav,03-01-06-02-01-02-09.wav,09,06,fearful,16000,1,3.2699375,104716,33c5edfe9d34ffea0b39722d607b3cd4,development
..\data\raw\RAVDESS\Actor_09\03-01-06-02-02-01-09.wav,03-01-06-02-02-01-09.wav,09,06,fearful,16000,1,3.2365625,103648,c7ca0474614c89876cb766134a6f45a5,development
..\data\raw\RAVDESS\Actor_09\03-01-06-02-02-02-09.wav,03-01-06-02-02-02-09.wav,09,06,fearful,16000,1,3.2365625,103648,49e9402d646712a55bfbd301e0be3bab,development
..\data\raw\RAVDESS\Actor_09\03-01-07-01-01-01-09.wav,03-01-07-01-01-01-09.wav,09,07,disgust,16000,1,3.4034375,108988,d36c647a4b447aa0ff15224bf7050f3a,development
..\data\raw\RAVDESS\Actor_09\03-01-07-01-01-02-09.wav,03-01-07-01-01-02-09.wav,09,07,disgust,16000,1,3.5035,112190,c22e630f3248b1c1de4f3abb294d7cf6,development
..\data\raw\RAVDESS\Actor_09\03-01-07-01-02-01-09.wav,03-01-07-01-02-01-09.wav,09,07,disgust,16000,1,3.470125,111122,24cc2de93a0a8c7f71788140a3542625,development
..\data\raw\RAVDESS\Actor_09\03-01-07-01-02-02-09.wav,03-01-07-01-02-02-09.wav,09,07,disgust,16000,1,3.4034375,108988,1e1b65ab4cc78d0d265222e50cc4af38,development
..\data\raw\RAVDESS\Actor_09\03-01-07-02-01-01-09.wav,03-01-07-02-01-01-09.wav,09,07,disgust,16000,1,3.637,116462,89d0917e6f09b948499f0a8eabacff6e,development
..\data\raw\RAVDESS\Actor_09\03-01-07-02-01-02-09.wav,03-01-07-02-01-02-09.wav,09,07,disgust,16000,1,3.536875,113258,b3ba7c7325f41be84875e90f37f08c62,development
..\data\raw\RAVDESS\Actor_09\03-01-07-02-02-01-09.wav,03-01-07-02-02-01-09.wav,09,07,disgust,16000,1,3.57025,114326,c60c50d0f106f308a399886e88472255,development
..\data\raw\RAVDESS\Actor_09\03-01-07-02-02-02-09.wav,03-01-07-02-02-02-09.wav,09,07,disgust,16000,1,3.603625,115394,0692fadf8088211d342ce46f05d0871d,development
..\data\raw\RAVDESS\Actor_09\03-01-08-01-01-01-09.wav,03-01-08-01-01-01-09.wav,09,08,surprised,16000,1,3.06975,98310,093ca3f592c925bd79cbd9f504bf0cc9,development
..\data\raw\RAVDESS\Actor_09\03-01-08-01-01-02-09.wav,03-01-08-01-01-02-09.wav,09,08,surprised,16000,1,3.3366875,106852,9560077f697bb2d3bee0d013cb21c931,development
..\data\raw\RAVDESS\Actor_09\03-01-08-01-02-01-09.wav,03-01-08-01-02-01-09.wav,09,08,surprised,16000,1,3.4368125,110056,f3e67440ba45c634dca3d92ed42d6c5b,development
..\data\raw\RAVDESS\Actor_09\03-01-08-01-02-02-09.wav,03-01-08-01-02-02-09.wav,09,08,surprised,16000,1,3.43675,110054,38237bf085d8f70990d0b07cd397bc75,development
..\data\raw\RAVDESS\Actor_09\03-01-08-02-01-01-09.wav,03-01-08-02-01-01-09.wav,09,08,surprised,16000,1,3.3033125,105784,425f1162677691f46c394b3336792d9e,development
..\data\raw\RAVDESS\Actor_09\03-01-08-02-01-02-09.wav,03-01-08-02-01-02-09.wav,09,08,surprised,16000,1,3.2699375,104716,1cc504eb44c48e3dc776fb22b25b08de,development
..\data\raw\RAVDESS\Actor_09\03-01-08-02-02-01-09.wav,03-01-08-02-02-01-09.wav,09,08,surprised,16000,1,3.4034375,108988,232d0239f6c30f8fff8dfe90f3cd032d,development
..\data\raw\RAVDESS\Actor_09\03-01-08-02-02-02-09.wav,03-01-08-02-02-02-09.wav,09,08,surprised,16000,1,3.43675,110054,da68ae30361adcc4eaf3593e5c4e5807,development
..\data\raw\RAVDESS\Actor_10\03-01-01-01-01-01-10.wav,03-01-01-01-01-01-10.wav,10,01,neutral,16000,1,3.536875,113258,62823f8e8286d829db854ad7116895cb,development
..\data\raw\RAVDESS\Actor_10\03-01-01-01-01-02-10.wav,03-01-01-01-01-02-10.wav,10,01,neutral,16000,1,3.8371875,122868,c8cc8b468dd6ab61a6307ae68f41ee12,development
..\data\raw\RAVDESS\Actor_10\03-01-01-01-02-01-10.wav,03-01-01-01-02-01-10.wav,10,01,neutral,16000,1,3.7370625,119664,5a12eed99b5ca7f3b06cb28b2b2dccc0,development
..\data\raw\RAVDESS\Actor_10\03-01-01-01-02-02-10.wav,03-01-01-01-02-02-10.wav,10,01,neutral,16000,1,3.670375,117530,4f468d571f5402862f03458aca172101,development
..\data\raw\RAVDESS\Actor_10\03-01-02-01-01-01-10.wav,03-01-02-01-01-01-10.wav,10,02,calm,16000,1,3.57025,114326,325254f5464a398c1c93bb2a88760dd2,development
..\data\raw\RAVDESS\Actor_10\03-01-02-01-01-02-10.wav,03-01-02-01-01-02-10.wav,10,02,calm,16000,1,3.603625,115394,4491e0945e8d81e869c7621f4937f2a3,development
..\data\raw\RAVDESS\Actor_10\03-01-02-01-02-01-10.wav,03-01-02-01-02-01-10.wav,10,02,calm,16000,1,3.637,116462,18cb7f197e0c121eb9c0f98353453e54,development
..\data\raw\RAVDESS\Actor_10\03-01-02-01-02-02-10.wav,03-01-02-01-02-02-10.wav,10,02,calm,16000,1,3.70375,118598,dc1172944318b70d86b1810bc52abfcf,development
..\data\raw\RAVDESS\Actor_10\03-01-02-02-01-01-10.wav,03-01-02-02-01-01-10.wav,10,02,calm,16000,1,3.7370625,119664,c55266e35a29cb5098463f36fff8b07c,development
..\data\raw\RAVDESS\Actor_10\03-01-02-02-01-02-10.wav,03-01-02-02-01-02-10.wav,10,02,calm,16000,1,3.7370625,119664,1e3e7d58d5c98c4aa38a530e0bf962f1,development
..\data\raw\RAVDESS\Actor_10\03-01-02-02-02-01-10.wav,03-01-02-02-02-01-10.wav,10,02,calm,16000,1,3.8038125,121800,327c130e6d37b52ed16983703e2455fc,development
..\data\raw\RAVDESS\Actor_10\03-01-02-02-02-02-10.wav,03-01-02-02-02-02-10.wav,10,02,calm,16000,1,3.8371875,122868,1cc777316e07f9c9d1c358487287217f,development
..\data\raw\RAVDESS\Actor_10\03-01-03-01-01-01-10.wav,03-01-03-01-01-01-10.wav,10,03,happy,16000,1,3.5035,112190,e7c1316aeaae939548825a6919112882,development
..\data\raw\RAVDESS\Actor_10\03-01-03-01-01-02-10.wav,03-01-03-01-01-02-10.wav,10,03,happy,16000,1,3.470125,111122,ad22208c7a3010c91968575737c0600f,development
..\data\raw\RAVDESS\Actor_10\03-01-03-01-02-01-10.wav,03-01-03-01-02-01-10.wav,10,03,happy,16000,1,3.3033125,105784,0738f2173961956d62a1b0a37e2a37d0,development
..\data\raw\RAVDESS\Actor_10\03-01-03-01-02-02-10.wav,03-01-03-01-02-02-10.wav,10,03,happy,16000,1,3.3366875,106852,83a10623ec672707371e20c6d3dc80ff,development
..\data\raw\RAVDESS\Actor_10\03-01-03-02-01-01-10.wav,03-01-03-02-01-01-10.wav,10,03,happy,16000,1,3.8371875,122868,4fc16c462be594d2fde3eaec4b75630a,development
..\data\raw\RAVDESS\Actor_10\03-01-03-02-01-02-10.wav,03-01-03-02-01-02-10.wav,10,03,happy,16000,1,3.5035,112190,695a0fb7d6bdbb4d552566a8c5be56dc,development
..\data\raw\RAVDESS\Actor_10\03-01-03-02-02-01-10.wav,03-01-03-02-02-01-10.wav,10,03,happy,16000,1,3.7370625,119664,bb7abacc6a559560f7c1fca923edc4aa,development
..\data\raw\RAVDESS\Actor_10\03-01-03-02-02-02-10.wav,03-01-03-02-02-02-10.wav,10,03,happy,16000,1,3.9706875,127140,b05a56a1cd6af7c8f6e4cafe3a2c049f,development
..\data\raw\RAVDESS\Actor_10\03-01-04-01-01-01-10.wav,03-01-04-01-01-01-10.wav,10,04,sad,16000,1,3.3033125,105784,1918dc3410f5d403d9bb5b4b4013601c,development
..\data\raw\RAVDESS\Actor_10\03-01-04-01-01-02-10.wav,03-01-04-01-01-02-10.wav,10,04,sad,16000,1,3.470125,111122,110b08fec4ec20bc9c53407bc7be2963,development
..\data\raw\RAVDESS\Actor_10\03-01-04-01-02-01-10.wav,03-01-04-01-02-01-10.wav,10,04,sad,16000,1,3.536875,113258,66e56fc0a3dd8089fb5ceeacdd1772e0,development
..\data\raw\RAVDESS\Actor_10\03-01-04-01-02-02-10.wav,03-01-04-01-02-02-10.wav,10,04,sad,16000,1,3.8038125,121800,c9d963755a26d545dfd0a0b5f98f290d,development
..\data\raw\RAVDESS\Actor_10\03-01-04-02-01-01-10.wav,03-01-04-02-01-01-10.wav,10,04,sad,16000,1,3.5035,112190,91a411c020e462e4ae68c3bfbfea0b1b,development
..\data\raw\RAVDESS\Actor_10\03-01-04-02-01-02-10.wav,03-01-04-02-01-02-10.wav,10,04,sad,16000,1,3.57025,114326,cff885a44e944663ae707db07af0e516,development
..\data\raw\RAVDESS\Actor_10\03-01-04-02-02-01-10.wav,03-01-04-02-02-01-10.wav,10,04,sad,16000,1,3.670375,117530,bfe59ede484db89e28039a1a489ed18b,development
..\data\raw\RAVDESS\Actor_10\03-01-04-02-02-02-10.wav,03-01-04-02-02-02-10.wav,10,04,sad,16000,1,3.57025,114326,aae52c1a0c95ed57292d3c154341369e,development
..\data\raw\RAVDESS\Actor_10\03-01-05-01-01-01-10.wav,03-01-05-01-01-01-10.wav,10,05,angry,16000,1,3.9039375,125004,e04ef8c62158ef3934888daabc952453,development
..\data\raw\RAVDESS\Actor_10\03-01-05-01-01-02-10.wav,03-01-05-01-01-02-10.wav,10,05,angry,16000,1,4.004,128206,5be85132dae9650687b309e6079f7f48,development
..\data\raw\RAVDESS\Actor_10\03-01-05-01-02-01-10.wav,03-01-05-01-02-01-10.wav,10,05,angry,16000,1,4.104125,131410,81302a38859850163d3745b9ab578a62,development
..\data\raw\RAVDESS\Actor_10\03-01-05-01-02-02-10.wav,03-01-05-01-02-02-10.wav,10,05,angry,16000,1,4.1375,132478,566aa481fe480c686b735cb97fc11104,development
..\data\raw\RAVDESS\Actor_10\03-01-05-02-01-01-10.wav,03-01-05-02-01-01-10.wav,10,05,angry,16000,1,4.170875,133546,701ad176bd708701a55f901bf502e98d,development
..\data\raw\RAVDESS\Actor_10\03-01-05-02-01-02-10.wav,03-01-05-02-01-02-10.wav,10,05,angry,16000,1,4.471125,143154,872d9a7eb43fef44342962579e57ec70,development
..\data\raw\RAVDESS\Actor_10\03-01-05-02-02-01-10.wav,03-01-05-02-02-01-10.wav,10,05,angry,16000,1,3.8705625,123936,9b066c6858e685e48f15128046dd17c3,development
..\data\raw\RAVDESS\Actor_10\03-01-05-02-02-02-10.wav,03-01-05-02-02-02-10.wav,10,05,angry,16000,1,4.1375,132478,8a08863bec800df61fef594470a49950,development
..\data\raw\RAVDESS\Actor_10\03-01-06-01-01-01-10.wav,03-01-06-01-01-01-10.wav,10,06,fearful,16000,1,3.4034375,108988,16a24f80600f2ece43a40865891e95f6,development
..\data\raw\RAVDESS\Actor_10\03-01-06-01-01-02-10.wav,03-01-06-01-01-02-10.wav,10,06,fearful,16000,1,3.3033125,105784,63809b65211ed13e232fee530f174ac7,development
..\data\raw\RAVDESS\Actor_10\03-01-06-01-02-01-10.wav,03-01-06-01-02-01-10.wav,10,06,fearful,16000,1,3.536875,113258,0d13b6589674073ac1b7fa0fa2d61a8b,development
..\data\raw\RAVDESS\Actor_10\03-01-06-01-02-02-10.wav,03-01-06-01-02-02-10.wav,10,06,fearful,16000,1,3.4368125,110056,007fbb58376cd06a99c4022a06c27854,development
..\data\raw\RAVDESS\Actor_10\03-01-06-02-01-01-10.wav,03-01-06-02-01-01-10.wav,10,06,fearful,16000,1,3.5035,112190,86c0572a53dc9508af5bcd51a10c7dda,development
..\data\raw\RAVDESS\Actor_10\03-01-06-02-01-02-10.wav,03-01-06-02-01-02-10.wav,10,06,fearful,16000,1,3.70375,118598,2bf1924eee9230e90cec08746db21434,development
..\data\raw\RAVDESS\Actor_10\03-01-06-02-02-01-10.wav,03-01-06-02-02-01-10.wav,10,06,fearful,16000,1,3.8038125,121800,00ac1093a807d055200d56f76beea871,development
..\data\raw\RAVDESS\Actor_10\03-01-06-02-02-02-10.wav,03-01-06-02-02-02-10.wav,10,06,fearful,16000,1,3.8705625,123936,58a81eee12ac1ecbff094b85fe2c2185,development
..\data\raw\RAVDESS\Actor_10\03-01-07-01-01-01-10.wav,03-01-07-01-01-01-10.wav,10,07,disgust,16000,1,3.70375,118598,9e3ceae038c65638c97d4a82bed7dad4,development
..\data\raw\RAVDESS\Actor_10\03-01-07-01-01-02-10.wav,03-01-07-01-01-02-10.wav,10,07,disgust,16000,1,4.2041875,134612,caee7a52ef8b7c1ab89c6c52df83e0ac,development
..\data\raw\RAVDESS\Actor_10\03-01-07-01-02-01-10.wav,03-01-07-01-02-01-10.wav,10,07,disgust,16000,1,3.8705625,123936,a6810fd191b802a6719e68fcc59309b1,development
..\data\raw\RAVDESS\Actor_10\03-01-07-01-02-02-10.wav,03-01-07-01-02-02-10.wav,10,07,disgust,16000,1,4.2709375,136748,b7829c6e8d1dbbf050feb34cb8d81c9f,development
..\data\raw\RAVDESS\Actor_10\03-01-07-02-01-01-10.wav,03-01-07-02-01-01-10.wav,10,07,disgust,16000,1,4.671375,149562,0ee4a7f6db59a64ca076256cc93d3ab8,development
..\data\raw\RAVDESS\Actor_10\03-01-07-02-01-02-10.wav,03-01-07-02-01-02-10.wav,10,07,disgust,16000,1,4.537875,145290,144a0ce166f127ad5bb2fadb3375970c,development
..\data\raw\RAVDESS\Actor_10\03-01-07-02-02-01-10.wav,03-01-07-02-02-01-10.wav,10,07,disgust,16000,1,4.2041875,134612,06ad103ef6d1ccd37a62de6d3e04bb4e,development
..\data\raw\RAVDESS\Actor_10\03-01-07-02-02-02-10.wav,03-01-07-02-02-02-10.wav,10,07,disgust,16000,1,4.8715625,155968,7cb052194c217ae398b6604b43009426,development
..\data\raw\RAVDESS\Actor_10\03-01-08-01-01-01-10.wav,03-01-08-01-01-01-10.wav,10,08,surprised,16000,1,3.2365625,103648,9d613e5e15f08250f2f2a666550dfca8,development
..\data\raw\RAVDESS\Actor_10\03-01-08-01-01-02-10.wav,03-01-08-01-01-02-10.wav,10,08,surprised,16000,1,3.4034375,108988,4791123e29c31826c5c246758f7a9597,development
..\data\raw\RAVDESS\Actor_10\03-01-08-01-02-01-10.wav,03-01-08-01-02-01-10.wav,10,08,surprised,16000,1,3.5035,112190,67340e961d15416d3586e9fc7a9889e3,development
..\data\raw\RAVDESS\Actor_10\03-01-08-01-02-02-10.wav,03-01-08-01-02-02-10.wav,10,08,surprised,16000,1,3.470125,111122,8e768a305842aa5c9f2d3fd3b1507aa6,development
..\data\raw\RAVDESS\Actor_10\03-01-08-02-01-01-10.wav,03-01-08-02-01-01-10.wav,10,08,surprised,16000,1,3.5035,112190,d58182318349f82f0a2db94c613c6e3b,development
..\data\raw\RAVDESS\Actor_10\03-01-08-02-01-02-10.wav,03-01-08-02-01-02-10.wav,10,08,surprised,16000,1,3.4034375,108988,6a951e229088ceb486f8f1140b710bd2,development
..\data\raw\RAVDESS\Actor_10\03-01-08-02-02-01-10.wav,03-01-08-02-02-01-10.wav,10,08,surprised,16000,1,3.637,116462,2947b8825da77e1e31dd9bb806f75e6f,development
..\data\raw\RAVDESS\Actor_10\03-01-08-02-02-02-10.wav,03-01-08-02-02-02-10.wav,10,08,surprised,16000,1,3.5035,112190,99c4210ad25afc10ea073b4bc36964ed,development
..\data\raw\RAVDESS\Actor_11\03-01-01-01-01-01-11.wav,03-01-01-01-01-01-11.wav,11,01,neutral,16000,1,3.1365,100446,a05fd7ace4bf2d0bd13e484c33546dab,development
..\data\raw\RAVDESS\Actor_11\03-01-01-01-01-02-11.wav,03-01-01-01-01-02-11.wav,11,01,neutral,16000,1,3.103125,99378,d1f789fe1ffbbcff30f968b999adec71,development
..\data\raw\RAVDESS\Actor_11\03-01-01-01-02-01-11.wav,03-01-01-01-02-01-11.wav,11,01,neutral,16000,1,3.20325,102582,817a1db153aac8803df027a055bb2c92,development
..\data\raw\RAVDESS\Actor_11\03-01-01-01-02-02-11.wav,03-01-01-01-02-02-11.wav,11,01,neutral,16000,1,3.169875,101514,66e4970e0f98efa0aff14731c2164c01,development
..\data\raw\RAVDESS\Actor_11\03-01-02-01-01-01-11.wav,03-01-02-01-01-01-11.wav,11,02,calm,16000,1,3.2699375,104716,14fe48ee79e60b5376cba9f7b3e7bbb9,development
..\data\raw\RAVDESS\Actor_11\03-01-02-01-01-02-11.wav,03-01-02-01-01-02-11.wav,11,02,calm,16000,1,3.3366875,106852,1eddcc05b42231784f2f66a14d7c7598,development
..\data\raw\RAVDESS\Actor_11\03-01-02-01-02-01-11.wav,03-01-02-01-02-01-11.wav,11,02,calm,16000,1,3.3366875,106852,fe410078fb95cbfdaf31fa060229f054,development
..\data\raw\RAVDESS\Actor_11\03-01-02-01-02-02-11.wav,03-01-02-01-02-02-11.wav,11,02,calm,16000,1,3.670375,117530,a4be5010ab936adffab4ae4a860eff68,development
..\data\raw\RAVDESS\Actor_11\03-01-02-02-01-01-11.wav,03-01-02-02-01-01-11.wav,11,02,calm,16000,1,3.8371875,122868,beec7bab620590481044a2b86a65be46,development
..\data\raw\RAVDESS\Actor_11\03-01-02-02-01-02-11.wav,03-01-02-02-01-02-11.wav,11,02,calm,16000,1,3.737125,119666,4b3d96366d51a93fd50564dab2909d91,development
..\data\raw\RAVDESS\Actor_11\03-01-02-02-02-01-11.wav,03-01-02-02-02-01-11.wav,11,02,calm,16000,1,3.7704375,120732,d925bc266d4f4f377b5c0fb23157c19c,development
..\data\raw\RAVDESS\Actor_11\03-01-02-02-02-02-11.wav,03-01-02-02-02-02-11.wav,11,02,calm,16000,1,3.8371875,122868,763af55cf864b878b007dc0276de9307,development
..\data\raw\RAVDESS\Actor_11\03-01-03-01-01-01-11.wav,03-01-03-01-01-01-11.wav,11,03,happy,16000,1,3.103125,99378,3ea9d567920c54484b2ef78d5e46c011,development
..\data\raw\RAVDESS\Actor_11\03-01-03-01-01-02-11.wav,03-01-03-01-01-02-11.wav,11,03,happy,16000,1,3.20325,102582,5b44b34b1a1635dc1625f98e98b83f3d,development
..\data\raw\RAVDESS\Actor_11\03-01-03-01-02-01-11.wav,03-01-03-01-02-01-11.wav,11,03,happy,16000,1,3.169875,101514,d54288cbdf28a3009b510291cdccab72,development
..\data\raw\RAVDESS\Actor_11\03-01-03-01-02-02-11.wav,03-01-03-01-02-02-11.wav,11,03,happy,16000,1,3.236625,103650,499a712ebd7147b4e6fb67ecf7702897,development
..\data\raw\RAVDESS\Actor_11\03-01-03-02-01-01-11.wav,03-01-03-02-01-01-11.wav,11,03,happy,16000,1,4.037375,129274,c40fe64b436402b25ed108cc29899265,development
..\data\raw\RAVDESS\Actor_11\03-01-03-02-01-02-11.wav,03-01-03-02-01-02-11.wav,11,03,happy,16000,1,3.637,116462,68c217760c27dad4c33b35cbbefd9dd5,development
..\data\raw\RAVDESS\Actor_11\03-01-03-02-02-01-11.wav,03-01-03-02-02-01-11.wav,11,03,happy,16000,1,3.8705625,123936,27497ba8405ed0238c741a1af606a30c,development
..\data\raw\RAVDESS\Actor_11\03-01-03-02-02-02-11.wav,03-01-03-02-02-02-11.wav,11,03,happy,16000,1,3.5035,112190,2a8b0bc6c54198dd490eca2ac28eab1a,development
..\data\raw\RAVDESS\Actor_11\03-01-04-01-01-01-11.wav,03-01-04-01-01-01-11.wav,11,04,sad,16000,1,3.3366875,106852,238271e7c6cdd09dc4592f7b9f96b7c0,development
..\data\raw\RAVDESS\Actor_11\03-01-04-01-01-02-11.wav,03-01-04-01-01-02-11.wav,11,04,sad,16000,1,3.603625,115394,f2ae19abd542aeb685955b0b7409c4df,development
..\data\raw\RAVDESS\Actor_11\03-01-04-01-02-01-11.wav,03-01-04-01-02-01-11.wav,11,04,sad,16000,1,3.536875,113258,5c5ee4a003c4fee2eacf6484da2d0924,development
..\data\raw\RAVDESS\Actor_11\03-01-04-01-02-02-11.wav,03-01-04-01-02-02-11.wav,11,04,sad,16000,1,3.4368125,110056,ab14ed9fc52df0dbf48fd58deae51180,development
..\data\raw\RAVDESS\Actor_11\03-01-04-02-01-01-11.wav,03-01-04-02-01-01-11.wav,11,04,sad,16000,1,3.3366875,106852,3ac233026678175eb6132210106f1c19,development
..\data\raw\RAVDESS\Actor_11\03-01-04-02-01-02-11.wav,03-01-04-02-01-02-11.wav,11,04,sad,16000,1,3.603625,115394,d289512dd8066cdf378d8689c5b70f97,development
..\data\raw\RAVDESS\Actor_11\03-01-04-02-02-01-11.wav,03-01-04-02-02-01-11.wav,11,04,sad,16000,1,3.3700625,107920,14f7a4d4049390da5da10d1f7fc38383,development
..\data\raw\RAVDESS\Actor_11\03-01-04-02-02-02-11.wav,03-01-04-02-02-02-11.wav,11,04,sad,16000,1,3.3366875,106852,d12f583f1127326889a27326c610de2f,development
..\data\raw\RAVDESS\Actor_11\03-01-05-01-01-01-11.wav,03-01-05-01-01-01-11.wav,11,05,angry,16000,1,3.603625,115394,a668d67cd01982b6786974f5e850f133,development
..\data\raw\RAVDESS\Actor_11\03-01-05-01-01-02-11.wav,03-01-05-01-01-02-11.wav,11,05,angry,16000,1,3.4701875,111124,c3c49d62fa345d43dbeb00ac60bdf713,development
..\data\raw\RAVDESS\Actor_11\03-01-05-01-02-01-11.wav,03-01-05-01-02-01-11.wav,11,05,angry,16000,1,3.470125,111122,4cb9873a63d0ed8943eba66e446fbdef,development
..\data\raw\RAVDESS\Actor_11\03-01-05-01-02-02-11.wav,03-01-05-01-02-02-11.wav,11,05,angry,16000,1,3.737125,119666,4284cc29061380fbd6f3d5fed80c58af,development
..\data\raw\RAVDESS\Actor_11\03-01-05-02-01-01-11.wav,03-01-05-02-01-01-11.wav,11,05,angry,16000,1,3.536875,113258,f24d1783da37b41251739c4ee5fb2908,development
..\data\raw\RAVDESS\Actor_11\03-01-05-02-01-02-11.wav,03-01-05-02-01-02-11.wav,11,05,angry,16000,1,3.970625,127138,3d7cf636b8f30293e047eea76e9da4c4,development
..\data\raw\RAVDESS\Actor_11\03-01-05-02-02-01-11.wav,03-01-05-02-02-01-11.wav,11,05,angry,16000,1,3.9373125,126072,4bd2eba7b7481d0430782ce253b11649,development
..\data\raw\RAVDESS\Actor_11\03-01-05-02-02-02-11.wav,03-01-05-02-02-02-11.wav,11,05,angry,16000,1,3.7704375,120732,04a431265f503f92bae625109fdaf0fb,development
..\data\raw\RAVDESS\Actor_11\03-01-06-01-01-01-11.wav,03-01-06-01-01-01-11.wav,11,06,fearful,16000,1,3.470125,111122,6a74091c404f11f330a67cd114d1da95,development
..\data\raw\RAVDESS\Actor_11\03-01-06-01-01-02-11.wav,03-01-06-01-01-02-11.wav,11,06,fearful,16000,1,3.5035,112190,f7625326388e07aa322749f608b00c25,development
..\data\raw\RAVDESS\Actor_11\03-01-06-01-02-01-11.wav,03-01-06-01-02-01-11.wav,11,06,fearful,16000,1,3.169875,101514,76a5a6661976d541d12710e2e1e4372c,development
..\data\raw\RAVDESS\Actor_11\03-01-06-01-02-02-11.wav,03-01-06-01-02-02-11.wav,11,06,fearful,16000,1,3.20325,102582,b205697815e3d26990669c69c4167021,development
..\data\raw\RAVDESS\Actor_11\03-01-06-02-01-01-11.wav,03-01-06-02-01-01-11.wav,11,06,fearful,16000,1,3.20325,102582,b9ba418cb5e89413caef2c63b2a8dc3d,development
..\data\raw\RAVDESS\Actor_11\03-01-06-02-01-02-11.wav,03-01-06-02-01-02-11.wav,11,06,fearful,16000,1,3.20325,102582,3899b3f0f8e97acb2ce32d38666dab56,development
..\data\raw\RAVDESS\Actor_11\03-01-06-02-02-01-11.wav,03-01-06-02-02-01-11.wav,11,06,fearful,16000,1,3.06975,98310,fea51d7ce04129e6544234ba486449c6,development
..\data\raw\RAVDESS\Actor_11\03-01-06-02-02-02-11.wav,03-01-06-02-02-02-11.wav,11,06,fearful,16000,1,3.1365,100446,9842e1553c7b00dc15619d517b37d568,development
..\data\raw\RAVDESS\Actor_11\03-01-07-01-01-01-11.wav,03-01-07-01-01-01-11.wav,11,07,disgust,16000,1,3.670375,117530,4ce4a2d5007fe795faa0b4d9b421b343,development
..\data\raw\RAVDESS\Actor_11\03-01-07-01-01-02-11.wav,03-01-07-01-01-02-11.wav,11,07,disgust,16000,1,3.603625,115394,ae35aa2e19a15446a33f83bcaa925a01,development
..\data\raw\RAVDESS\Actor_11\03-01-07-01-02-01-11.wav,03-01-07-01-02-01-11.wav,11,07,disgust,16000,1,3.470125,111122,5bf9a8f2beb0696c4dc2463776465a00,development
..\data\raw\RAVDESS\Actor_11\03-01-07-01-02-02-11.wav,03-01-07-01-02-02-11.wav,11,07,disgust,16000,1,3.670375,117530,e60f3e5b86f0811ba241d1dc960e3455,development
..\data\raw\RAVDESS\Actor_11\03-01-07-02-01-01-11.wav,03-01-07-02-01-01-11.wav,11,07,disgust,16000,1,3.8038125,121800,220c7f925eb4269221b106bbf64db7e2,development
..\data\raw\RAVDESS\Actor_11\03-01-07-02-01-02-11.wav,03-01-07-02-01-02-11.wav,11,07,disgust,16000,1,3.8038125,121800,f8befff9688c042e6457263a201ade5c,development
..\data\raw\RAVDESS\Actor_11\03-01-07-02-02-01-11.wav,03-01-07-02-02-01-11.wav,11,07,disgust,16000,1,3.7370625,119664,8077c7fc378686f1c55bb76fb4c0b44e,development
..\data\raw\RAVDESS\Actor_11\03-01-07-02-02-02-11.wav,03-01-07-02-02-02-11.wav,11,07,disgust,16000,1,3.7370625,119664,dc160844d49797758913aca1b69efaa7,development
..\data\raw\RAVDESS\Actor_11\03-01-08-01-01-01-11.wav,03-01-08-01-01-01-11.wav,11,08,surprised,16000,1,3.06975,98310,29faee6b4e3c7e816bd9f1ccfb21bd73,development
..\data\raw\RAVDESS\Actor_11\03-01-08-01-01-02-11.wav,03-01-08-01-01-02-11.wav,11,08,surprised,16000,1,3.1365,100446,ddee96d8946f80412274b601e455f6b1,development
..\data\raw\RAVDESS\Actor_11\03-01-08-01-02-01-11.wav,03-01-08-01-02-01-11.wav,11,08,surprised,16000,1,3.169875,101514,aecbaf5e81f3740852699c078f35d9b1,development
..\data\raw\RAVDESS\Actor_11\03-01-08-01-02-02-11.wav,03-01-08-01-02-02-11.wav,11,08,surprised,16000,1,2.969625,95106,530bbed0a69c1287133c333a087bab4b,development
..\data\raw\RAVDESS\Actor_11\03-01-08-02-01-01-11.wav,03-01-08-02-01-01-11.wav,11,08,surprised,16000,1,3.06975,98310,a8e97b41213859cb0aab8d418ad46e82,development
..\data\raw\RAVDESS\Actor_11\03-01-08-02-01-02-11.wav,03-01-08-02-01-02-11.wav,11,08,surprised,16000,1,3.103125,99378,685129cc40f851ec942046d201984745,development
..\data\raw\RAVDESS\Actor_11\03-01-08-02-02-01-11.wav,03-01-08-02-02-01-11.wav,11,08,surprised,16000,1,3.06975,98310,a0cc5e7c24c90c5ae6719ebc44f4c17b,development
..\data\raw\RAVDESS\Actor_11\03-01-08-02-02-02-11.wav,03-01-08-02-02-02-11.wav,11,08,surprised,16000,1,3.06975,98310,f58021da5f499a1f71a16bf8b50b70c3,development
..\data\raw\RAVDESS\Actor_12\03-01-01-01-01-01-12.wav,03-01-01-01-01-01-12.wav,12,01,neutral,16000,1,3.637,116462,756390510cbd6a8e32dcdc3e492d93fa,development
..\data\raw\RAVDESS\Actor_12\03-01-01-01-01-02-12.wav,03-01-01-01-01-02-12.wav,12,01,neutral,16000,1,3.536875,113258,0dbad9706ce1c5adfa789e53357fe3cb,development
..\data\raw\RAVDESS\Actor_12\03-01-01-01-02-01-12.wav,03-01-01-01-02-01-12.wav,12,01,neutral,16000,1,3.603625,115394,ab908eb7d066fd27a7d8aa9582800650,development
..\data\raw\RAVDESS\Actor_12\03-01-01-01-02-02-12.wav,03-01-01-01-02-02-12.wav,12,01,neutral,16000,1,3.637,116462,100fc1104e42aff9f6e06cda0e796949,development
..\data\raw\RAVDESS\Actor_12\03-01-02-01-01-01-12.wav,03-01-02-01-01-01-12.wav,12,02,calm,16000,1,3.8705625,123936,8473a1301c19f0b31499a3778a3ca713,development
..\data\raw\RAVDESS\Actor_12\03-01-02-01-01-02-12.wav,03-01-02-01-01-02-12.wav,12,02,calm,16000,1,3.7704375,120732,528ccb5bb2c24a5879bd9182cd3997ba,development
..\data\raw\RAVDESS\Actor_12\03-01-02-01-02-01-12.wav,03-01-02-01-02-01-12.wav,12,02,calm,16000,1,3.7704375,120732,51a99035d62bd783168f7857879384b9,development
..\data\raw\RAVDESS\Actor_12\03-01-02-01-02-02-12.wav,03-01-02-01-02-02-12.wav,12,02,calm,16000,1,3.670375,117530,0b084d9b342692d911e1003442dcf9d8,development
..\data\raw\RAVDESS\Actor_12\03-01-02-02-01-01-12.wav,03-01-02-02-01-01-12.wav,12,02,calm,16000,1,3.970625,127138,743fc0089a08c083ef94e7f048409930,development
..\data\raw\RAVDESS\Actor_12\03-01-02-02-01-02-12.wav,03-01-02-02-01-02-12.wav,12,02,calm,16000,1,3.7704375,120732,2bfbd90325d13a1e3ff20ddd21b68520,development
..\data\raw\RAVDESS\Actor_12\03-01-02-02-02-01-12.wav,03-01-02-02-02-01-12.wav,12,02,calm,16000,1,3.737125,119666,150631e1738cb5d8fe899821355a48dd,development
..\data\raw\RAVDESS\Actor_12\03-01-02-02-02-02-12.wav,03-01-02-02-02-02-12.wav,12,02,calm,16000,1,3.8038125,121800,f87029c5c66d511b1071612394543018,development
..\data\raw\RAVDESS\Actor_12\03-01-03-01-01-01-12.wav,03-01-03-01-01-01-12.wav,12,03,happy,16000,1,3.70375,118598,c1a7537e0a8805aa4ac802fb59a2628a,development
..\data\raw\RAVDESS\Actor_12\03-01-03-01-01-02-12.wav,03-01-03-01-01-02-12.wav,12,03,happy,16000,1,3.7370625,119664,aa9ccc60208a1f444cc544ca5493a5ed,development
..\data\raw\RAVDESS\Actor_12\03-01-03-01-02-01-12.wav,03-01-03-01-02-01-12.wav,12,03,happy,16000,1,3.5035,112190,17e5f266f0c6684c52bce53b93ac0560,development
..\data\raw\RAVDESS\Actor_12\03-01-03-01-02-02-12.wav,03-01-03-01-02-02-12.wav,12,03,happy,16000,1,3.737125,119666,d8ec4cd3565a6008d373d60e6cc790c2,development
..\data\raw\RAVDESS\Actor_12\03-01-03-02-01-01-12.wav,03-01-03-02-01-01-12.wav,12,03,happy,16000,1,4.20425,134614,0010abc6c36e7aa61afa3012fa4c5fb4,development
..\data\raw\RAVDESS\Actor_12\03-01-03-02-01-02-12.wav,03-01-03-02-01-02-12.wav,12,03,happy,16000,1,4.1375,132478,0b8aa9701d3966b5fbaa745556417c72,development
..\data\raw\RAVDESS\Actor_12\03-01-03-02-02-01-12.wav,03-01-03-02-02-01-12.wav,12,03,happy,16000,1,3.9039375,125004,896becf38643ed946d6b06e86ac3465d,development
..\data\raw\RAVDESS\Actor_12\03-01-03-02-02-02-12.wav,03-01-03-02-02-02-12.wav,12,03,happy,16000,1,3.970625,127138,c0f84b0b72f9d5cd0cae62342b360c07,development
..\data\raw\RAVDESS\Actor_12\03-01-04-01-01-01-12.wav,03-01-04-01-01-01-12.wav,12,04,sad,16000,1,3.670375,117530,862934891714acd79998381510d5bd73,development
..\data\raw\RAVDESS\Actor_12\03-01-04-01-01-02-12.wav,03-01-04-01-01-02-12.wav,12,04,sad,16000,1,3.603625,115394,998159ef10af210557b9f5afc1355baf,development
..\data\raw\RAVDESS\Actor_12\03-01-04-01-02-01-12.wav,03-01-04-01-02-01-12.wav,12,04,sad,16000,1,3.670375,117530,92e3fe5cd3797b649e1065f56da1967a,development
..\data\raw\RAVDESS\Actor_12\03-01-04-01-02-02-12.wav,03-01-04-01-02-02-12.wav,12,04,sad,16000,1,3.57025,114326,62cf22282da472c82d908f7862ea0512,development
..\data\raw\RAVDESS\Actor_12\03-01-04-02-01-01-12.wav,03-01-04-02-01-01-12.wav,12,04,sad,16000,1,3.8705625,123936,175f1072ad46b306365099f5b57de456,development
..\data\raw\RAVDESS\Actor_12\03-01-04-02-01-02-12.wav,03-01-04-02-01-02-12.wav,12,04,sad,16000,1,3.7704375,120732,a752d18305811990e63f3feaafe11658,development
..\data\raw\RAVDESS\Actor_12\03-01-04-02-02-01-12.wav,03-01-04-02-02-01-12.wav,12,04,sad,16000,1,3.8038125,121800,cb8b9f5ee70d8294b1a413c5268dec8b,development
..\data\raw\RAVDESS\Actor_12\03-01-04-02-02-02-12.wav,03-01-04-02-02-02-12.wav,12,04,sad,16000,1,3.8705625,123936,db0dd22f573bc47d73bf2c031be4ed0d,development
..\data\raw\RAVDESS\Actor_12\03-01-05-01-01-01-12.wav,03-01-05-01-01-01-12.wav,12,05,angry,16000,1,4.2709375,136748,eac63518d7e6136b476af21b08b204cb,development
..\data\raw\RAVDESS\Actor_12\03-01-05-01-01-02-12.wav,03-01-05-01-01-02-12.wav,12,05,angry,16000,1,3.970625,127138,f7ffbe7c7e2217555c2817b6609d8f4a,development
..\data\raw\RAVDESS\Actor_12\03-01-05-01-02-01-12.wav,03-01-05-01-02-01-12.wav,12,05,angry,16000,1,3.737125,119666,e8257282ec2cc6ef671e5b2d2cfabf10,development
..\data\raw\RAVDESS\Actor_12\03-01-05-01-02-02-12.wav,03-01-05-01-02-02-12.wav,12,05,angry,16000,1,4.1375,132478,49c9c08e2ddfdcb96bb29c3b208bf09f,development
..\data\raw\RAVDESS\Actor_12\03-01-05-02-01-01-12.wav,03-01-05-02-01-01-12.wav,12,05,angry,16000,1,3.637,116462,807b29658a3fad7ccb142db9a9d9436a,development
..\data\raw\RAVDESS\Actor_12\03-01-05-02-01-02-12.wav,03-01-05-02-01-02-12.wav,12,05,angry,16000,1,3.670375,117530,9e70a85b6b93a683a17c16f603980d91,development
..\data\raw\RAVDESS\Actor_12\03-01-05-02-02-01-12.wav,03-01-05-02-02-01-12.wav,12,05,angry,16000,1,3.8038125,121800,3159dde0a27dd84715f6cc283a967cd2,development
..\data\raw\RAVDESS\Actor_12\03-01-05-02-02-02-12.wav,03-01-05-02-02-02-12.wav,12,05,angry,16000,1,3.8371875,122868,d37ce0b42a847837c9922ca0d0deb984,development
..\data\raw\RAVDESS\Actor_12\03-01-06-01-01-01-12.wav,03-01-06-01-01-01-12.wav,12,06,fearful,16000,1,3.4034375,108988,1bd5c36ad100b87443af8817634075a4,development
..\data\raw\RAVDESS\Actor_12\03-01-06-01-01-02-12.wav,03-01-06-01-01-02-12.wav,12,06,fearful,16000,1,3.5035,112190,453435351d0128c76fee98eb97db4908,development
..\data\raw\RAVDESS\Actor_12\03-01-06-01-02-01-12.wav,03-01-06-01-02-01-12.wav,12,06,fearful,16000,1,3.3700625,107920,3dce8952dd87405a44e1e82fb87efda2,development
..\data\raw\RAVDESS\Actor_12\03-01-06-01-02-02-12.wav,03-01-06-01-02-02-12.wav,12,06,fearful,16000,1,3.20325,102582,1564e9a1b4a82c4c1d39a07528b04132,development
..\data\raw\RAVDESS\Actor_12\03-01-06-02-01-01-12.wav,03-01-06-02-01-01-12.wav,12,06,fearful,16000,1,3.737125,119666,172f876c5034de1d80c5413a785c00c8,development
..\data\raw\RAVDESS\Actor_12\03-01-06-02-01-02-12.wav,03-01-06-02-01-02-12.wav,12,06,fearful,16000,1,3.70375,118598,f224b127eb3fd853fcc300b4861c7719,development
..\data\raw\RAVDESS\Actor_12\03-01-06-02-02-01-12.wav,03-01-06-02-02-01-12.wav,12,06,fearful,16000,1,3.4701875,111124,dd2a32f1e7546e5acc468ea61c1d11e3,development
..\data\raw\RAVDESS\Actor_12\03-01-06-02-02-02-12.wav,03-01-06-02-02-02-12.wav,12,06,fearful,16000,1,3.670375,117530,be809fd8867245f9ced8cdd3026ed5f0,development
..\data\raw\RAVDESS\Actor_12\03-01-07-01-01-01-12.wav,03-01-07-01-01-01-12.wav,12,07,disgust,16000,1,3.7370625,119664,c613d61405df02791a4c44460a33faea,development
..\data\raw\RAVDESS\Actor_12\03-01-07-01-01-02-12.wav,03-01-07-01-01-02-12.wav,12,07,disgust,16000,1,3.70375,118598,688492fdbe01e720d7b7749a40b1ff4e,development
..\data\raw\RAVDESS\Actor_12\03-01-07-01-02-01-12.wav,03-01-07-01-02-01-12.wav,12,07,disgust,16000,1,3.603625,115394,f6325b2a66568d30e198525fe3251034,development
..\data\raw\RAVDESS\Actor_12\03-01-07-01-02-02-12.wav,03-01-07-01-02-02-12.wav,12,07,disgust,16000,1,3.70375,118598,b70a4874ed84cad2c0bad2acadd163ec,development
..\data\raw\RAVDESS\Actor_12\03-01-07-02-01-01-12.wav,03-01-07-02-01-01-12.wav,12,07,disgust,16000,1,3.9706875,127140,58aad3fbd4263d1072e6165627461e91,development
..\data\raw\RAVDESS\Actor_12\03-01-07-02-01-02-12.wav,03-01-07-02-01-02-12.wav,12,07,disgust,16000,1,4.537875,145290,a46cacd45a415f3cf9f292804d492370,development
..\data\raw\RAVDESS\Actor_12\03-01-07-02-02-01-12.wav,03-01-07-02-02-01-12.wav,12,07,disgust,16000,1,4.20425,134614,cf340af7ff1368f77e24985581eeb490,development
..\data\raw\RAVDESS\Actor_12\03-01-07-02-02-02-12.wav,03-01-07-02-02-02-12.wav,12,07,disgust,16000,1,3.9706875,127140,d51b8d205b020daf6f509338e99ad0f5,development
..\data\raw\RAVDESS\Actor_12\03-01-08-01-01-01-12.wav,03-01-08-01-01-01-12.wav,12,08,surprised,16000,1,3.536875,113258,7a8edc54e1f6c5fa31383984a1bf2079,development
..\data\raw\RAVDESS\Actor_12\03-01-08-01-01-02-12.wav,03-01-08-01-01-02-12.wav,12,08,surprised,16000,1,3.637,116462,adbd44c03456431ccbc026db4ff7c30e,development
..\data\raw\RAVDESS\Actor_12\03-01-08-01-02-01-12.wav,03-01-08-01-02-01-12.wav,12,08,surprised,16000,1,3.5035,112190,6a893b0724afa74fa17cfbacb3540759,development
..\data\raw\RAVDESS\Actor_12\03-01-08-01-02-02-12.wav,03-01-08-01-02-02-12.wav,12,08,surprised,16000,1,3.603625,115394,f75c3660ce886825230e6c644a4595bf,development
..\data\raw\RAVDESS\Actor_12\03-01-08-02-01-01-12.wav,03-01-08-02-01-01-12.wav,12,08,surprised,16000,1,3.7036875,118596,66be8b4aae72d59c28c8d25f654ee1cf,development
..\data\raw\RAVDESS\Actor_12\03-01-08-02-01-02-12.wav,03-01-08-02-01-02-12.wav,12,08,surprised,16000,1,3.7370625,119664,e14630a86e4aaf79585f2e315a688e67,development
..\data\raw\RAVDESS\Actor_12\03-01-08-02-02-01-12.wav,03-01-08-02-02-01-12.wav,12,08,surprised,16000,1,3.7370625,119664,c55349d26a581404c9eaf2ab7c7e4e6c,development
..\data\raw\RAVDESS\Actor_12\03-01-08-02-02-02-12.wav,03-01-08-02-02-02-12.wav,12,08,surprised,16000,1,3.670375,117530,125e4c78ab53c2126803cf1ca85fdd0a,development
..\data\raw\RAVDESS\Actor_13\03-01-01-01-01-01-13.wav,03-01-01-01-01-01-13.wav,13,01,neutral,16000,1,3.169875,101514,0a7a5621435cac912883e2ec81a6c76e,development
..\data\raw\RAVDESS\Actor_13\03-01-01-01-01-02-13.wav,03-01-01-01-01-02-13.wav,13,01,neutral,16000,1,3.2031875,102580,065d3cfb212f5a3e91aa757ed1966fd1,development
..\data\raw\RAVDESS\Actor_13\03-01-01-01-02-01-13.wav,03-01-01-01-02-01-13.wav,13,01,neutral,16000,1,3.06975,98310,2aebf946986b392285b000227d242332,development
..\data\raw\RAVDESS\Actor_13\03-01-01-01-02-02-13.wav,03-01-01-01-02-02-13.wav,13,01,neutral,16000,1,3.1365,100446,fc8ee0cac7277be148e4a8cc8548e65a,development
..\data\raw\RAVDESS\Actor_13\03-01-02-01-01-01-13.wav,03-01-02-01-01-01-13.wav,13,02,calm,16000,1,3.3033125,105784,f6de6f92b338e1a3ccbc0bd2a7bbd72d,development
..\data\raw\RAVDESS\Actor_13\03-01-02-01-01-02-13.wav,03-01-02-01-01-02-13.wav,13,02,calm,16000,1,3.169875,101514,5e98607d10740035ce61c2df1b2392da,development
..\data\raw\RAVDESS\Actor_13\03-01-02-01-02-01-13.wav,03-01-02-01-02-01-13.wav,13,02,calm,16000,1,3.1365,100446,c6a77de3b2b6e9a273133f4ffbdc9f1f,development
..\data\raw\RAVDESS\Actor_13\03-01-02-01-02-02-13.wav,03-01-02-01-02-02-13.wav,13,02,calm,16000,1,2.9363125,94040,40351e50815b35596dc7c0350dc00d87,development
..\data\raw\RAVDESS\Actor_13\03-01-02-02-01-01-13.wav,03-01-02-02-01-01-13.wav,13,02,calm,16000,1,3.1365,100446,a3c0d3409282a714bf5f068feb8aabc0,development
..\data\raw\RAVDESS\Actor_13\03-01-02-02-01-02-13.wav,03-01-02-02-01-02-13.wav,13,02,calm,16000,1,3.20325,102582,ae720cab1cca7315872181191c15a270,development
..\data\raw\RAVDESS\Actor_13\03-01-02-02-02-01-13.wav,03-01-02-02-02-01-13.wav,13,02,calm,16000,1,3.003,96174,e0ca1d5e1e73abff77040c1baf746024,development
..\data\raw\RAVDESS\Actor_13\03-01-02-02-02-02-13.wav,03-01-02-02-02-02-13.wav,13,02,calm,16000,1,3.036375,97242,48c23bc7579fa583fc47cd6819e2582d,development
..\data\raw\RAVDESS\Actor_13\03-01-03-01-01-01-13.wav,03-01-03-01-01-01-13.wav,13,03,happy,16000,1,3.2365625,103648,4e8191ab1741d5291eec6bc7580d8acb,development
..\data\raw\RAVDESS\Actor_13\03-01-03-01-01-02-13.wav,03-01-03-01-01-02-13.wav,13,03,happy,16000,1,3.20325,102582,3d4456eb418e98cd44d31c0fe9b3d7c6,development
..\data\raw\RAVDESS\Actor_13\03-01-03-01-02-01-13.wav,03-01-03-01-02-01-13.wav,13,03,happy,16000,1,3.1365,100446,b6bb5aed9841a32d6103f9f10e2aebf7,development
..\data\raw\RAVDESS\Actor_13\03-01-03-01-02-02-13.wav,03-01-03-01-02-02-13.wav,13,03,happy,16000,1,3.20325,102582,74393157829b6a290ce5702b73cd90c4,development
..\data\raw\RAVDESS\Actor_13\03-01-03-02-01-01-13.wav,03-01-03-02-01-01-13.wav,13,03,happy,16000,1,3.4368125,110056,28e9001497c346573fef97df73bb4d1e,development
..\data\raw\RAVDESS\Actor_13\03-01-03-02-01-02-13.wav,03-01-03-02-01-02-13.wav,13,03,happy,16000,1,3.603625,115394,87bea8b438f690105e1628a37e726ec0,development
..\data\raw\RAVDESS\Actor_13\03-01-03-02-02-01-13.wav,03-01-03-02-02-01-13.wav,13,03,happy,16000,1,3.3700625,107920,d89e9cb2035131f611a61f2b111a45f4,development
..\data\raw\RAVDESS\Actor_13\03-01-03-02-02-02-13.wav,03-01-03-02-02-02-13.wav,13,03,happy,16000,1,3.3366875,106852,402a9f5c3705e89fe2e3b14e84659b90,development
..\data\raw\RAVDESS\Actor_13\03-01-04-01-01-01-13.wav,03-01-04-01-01-01-13.wav,13,04,sad,16000,1,3.57025,114326,75e97a662bc261352eeeb7dddd4be5af,development
..\data\raw\RAVDESS\Actor_13\03-01-04-01-01-02-13.wav,03-01-04-01-01-02-13.wav,13,04,sad,16000,1,3.536875,113258,a1fb1a05864e4a55fb3b989b0dd08bf1,development
..\data\raw\RAVDESS\Actor_13\03-01-04-01-02-01-13.wav,03-01-04-01-02-01-13.wav,13,04,sad,16000,1,3.4368125,110056,188393fe3a8b0218cff1c9544e6a77c5,development
..\data\raw\RAVDESS\Actor_13\03-01-04-01-02-02-13.wav,03-01-04-01-02-02-13.wav,13,04,sad,16000,1,3.3700625,107920,5512808769680d27faf30c4e020dbbee,development
..\data\raw\RAVDESS\Actor_13\03-01-04-02-01-01-13.wav,03-01-04-02-01-01-13.wav,13,04,sad,16000,1,3.3366875,106852,c53097a31dabd9e87f934097d22155bd,development
..\data\raw\RAVDESS\Actor_13\03-01-04-02-01-02-13.wav,03-01-04-02-01-02-13.wav,13,04,sad,16000,1,3.3033125,105784,1bfcb8685d9506c964e50a0d130e3040,development
..\data\raw\RAVDESS\Actor_13\03-01-04-02-02-01-13.wav,03-01-04-02-02-01-13.wav,13,04,sad,16000,1,3.4368125,110056,7e87358c577cbf3a43ee11bc883601aa,development
..\data\raw\RAVDESS\Actor_13\03-01-04-02-02-02-13.wav,03-01-04-02-02-02-13.wav,13,04,sad,16000,1,3.2031875,102580,0486f0269bd9ccfa5038ca022edf0c20,development
..\data\raw\RAVDESS\Actor_13\03-01-05-01-01-01-13.wav,03-01-05-01-01-01-13.wav,13,05,angry,16000,1,3.4368125,110056,8f980ee4c77288473046afcb3efa0a41,development
..\data\raw\RAVDESS\Actor_13\03-01-05-01-01-02-13.wav,03-01-05-01-01-02-13.wav,13,05,angry,16000,1,3.536875,113258,12ce81303aaf282912e446d08f946a93,development
..\data\raw\RAVDESS\Actor_13\03-01-05-01-02-01-13.wav,03-01-05-01-02-01-13.wav,13,05,angry,16000,1,3.603625,115394,5429a67ccbac4b244143e2eaafefd344,development
..\data\raw\RAVDESS\Actor_13\03-01-05-01-02-02-13.wav,03-01-05-01-02-02-13.wav,13,05,angry,16000,1,3.3700625,107920,d7f4f27e966d2efff1c18f85442fc187,development
..\data\raw\RAVDESS\Actor_13\03-01-05-02-01-01-13.wav,03-01-05-02-01-01-13.wav,13,05,angry,16000,1,3.670375,117530,0e50d28e6169aeabd2eac2d552989f01,development
..\data\raw\RAVDESS\Actor_13\03-01-05-02-01-02-13.wav,03-01-05-02-01-02-13.wav,13,05,angry,16000,1,4.2709375,136748,88d40f6b0a02755d1d466649d3d8ef0c,development
..\data\raw\RAVDESS\Actor_13\03-01-05-02-02-01-13.wav,03-01-05-02-02-01-13.wav,13,05,angry,16000,1,3.57025,114326,2b9848855ceac25d3da8c3648475bc58,development
..\data\raw\RAVDESS\Actor_13\03-01-05-02-02-02-13.wav,03-01-05-02-02-02-13.wav,13,05,angry,16000,1,4.170875,133546,6f467e66499f47f3bb988c8381373a1a,development
..\data\raw\RAVDESS\Actor_13\03-01-06-01-01-01-13.wav,03-01-06-01-01-01-13.wav,13,06,fearful,16000,1,3.1365,100446,6ca58340277a796680404749aa9dfe74,development
..\data\raw\RAVDESS\Actor_13\03-01-06-01-01-02-13.wav,03-01-06-01-01-02-13.wav,13,06,fearful,16000,1,3.169875,101514,d51f869c6790efe3892bfd6e702cbf54,development
..\data\raw\RAVDESS\Actor_13\03-01-06-01-02-01-13.wav,03-01-06-01-02-01-13.wav,13,06,fearful,16000,1,3.20325,102582,f73632612df8269ae09381f1b2a7b816,development
..\data\raw\RAVDESS\Actor_13\03-01-06-01-02-02-13.wav,03-01-06-01-02-02-13.wav,13,06,fearful,16000,1,3.2365625,103648,42b85e344f40b477405c38458f4ddc25,development
..\data\raw\RAVDESS\Actor_13\03-01-06-02-01-01-13.wav,03-01-06-02-01-01-13.wav,13,06,fearful,16000,1,3.3700625,107920,ae9a2e8e3204460a12a388491cce53e8,development
..\data\raw\RAVDESS\Actor_13\03-01-06-02-01-02-13.wav,03-01-06-02-01-02-13.wav,13,06,fearful,16000,1,3.2699375,104716,e9c0669d99f779fc1ed56a0ae4c042e4,development
..\data\raw\RAVDESS\Actor_13\03-01-06-02-02-01-13.wav,03-01-06-02-02-01-13.wav,13,06,fearful,16000,1,3.5035,112190,c2cf32de4b55907852d7142fc341b656,development
..\data\raw\RAVDESS\Actor_13\03-01-06-02-02-02-13.wav,03-01-06-02-02-02-13.wav,13,06,fearful,16000,1,3.20325,102582,03da6f3ea37b38d7d19555ed6f97c99d,development
..\data\raw\RAVDESS\Actor_13\03-01-07-01-01-01-13.wav,03-01-07-01-01-01-13.wav,13,07,disgust,16000,1,3.1365,100446,e9d76d28c3d741bcf3c86b6cc1c1a013,development
..\data\raw\RAVDESS\Actor_13\03-01-07-01-01-02-13.wav,03-01-07-01-01-02-13.wav,13,07,disgust,16000,1,3.169875,101514,e3df096e48c62317b5273e05a0127459,development
..\data\raw\RAVDESS\Actor_13\03-01-07-01-02-01-13.wav,03-01-07-01-02-01-13.wav,13,07,disgust,16000,1,3.2699375,104716,8b732c383953abb711b054f70a9aa2c8,development
..\data\raw\RAVDESS\Actor_13\03-01-07-01-02-02-13.wav,03-01-07-01-02-02-13.wav,13,07,disgust,16000,1,3.2365625,103648,c809764b68161920443f283857b214ff,development
..\data\raw\RAVDESS\Actor_13\03-01-07-02-01-01-13.wav,03-01-07-02-01-01-13.wav,13,07,disgust,16000,1,3.4034375,108988,129355c82fbf2dfb81bed47faaed332f,development
..\data\raw\RAVDESS\Actor_13\03-01-07-02-01-02-13.wav,03-01-07-02-01-02-13.wav,13,07,disgust,16000,1,3.70375,118598,fd113cd54f9d246d5f5415ff4219df6a,development
..\data\raw\RAVDESS\Actor_13\03-01-07-02-02-01-13.wav,03-01-07-02-02-01-13.wav,13,07,disgust,16000,1,3.4034375,108988,613d678ac7ee0756819b45eb738ce2a1,development
..\data\raw\RAVDESS\Actor_13\03-01-07-02-02-02-13.wav,03-01-07-02-02-02-13.wav,13,07,disgust,16000,1,3.4368125,110056,0c589e877d54d2a80e32e652a5e56e67,development
..\data\raw\RAVDESS\Actor_13\03-01-08-01-01-01-13.wav,03-01-08-01-01-01-13.wav,13,08,surprised,16000,1,3.4034375,108988,01935863496f6f3399adeb0e50a6f4f5,development
..\data\raw\RAVDESS\Actor_13\03-01-08-01-01-02-13.wav,03-01-08-01-01-02-13.wav,13,08,surprised,16000,1,3.1365,100446,c90507c8cc8230c64ae11516bc1c04eb,development
..\data\raw\RAVDESS\Actor_13\03-01-08-01-02-01-13.wav,03-01-08-01-02-01-13.wav,13,08,surprised,16000,1,3.1365,100446,49e8df88466024adf5188160b6ee2adb,development
..\data\raw\RAVDESS\Actor_13\03-01-08-01-02-02-13.wav,03-01-08-01-02-02-13.wav,13,08,surprised,16000,1,3.036375,97242,6f4c87b30bcf12e62ebdfcbc4765e1b4,development
..\data\raw\RAVDESS\Actor_13\03-01-08-02-01-01-13.wav,03-01-08-02-01-01-13.wav,13,08,surprised,16000,1,3.3366875,106852,b74db3ed909c7a104bfb156185a98438,development
..\data\raw\RAVDESS\Actor_13\03-01-08-02-01-02-13.wav,03-01-08-02-01-02-13.wav,13,08,surprised,16000,1,3.3033125,105784,5db36313c29493e9c209afb2f10fc4b3,development
..\data\raw\RAVDESS\Actor_13\03-01-08-02-02-01-13.wav,03-01-08-02-02-01-13.wav,13,08,surprised,16000,1,3.3366875,106852,658ba34ef9a2d939176976328fb88f7c,development
..\data\raw\RAVDESS\Actor_13\03-01-08-02-02-02-13.wav,03-01-08-02-02-02-13.wav,13,08,surprised,16000,1,3.3033125,105784,39a413da54b2c63333ff8f2aa93175ed,development
..\data\raw\RAVDESS\Actor_14\03-01-01-01-01-01-14.wav,03-01-01-01-01-01-14.wav,14,01,neutral,16000,1,3.470125,111122,fe3088da0e54e41188033ddbcf083823,development
..\data\raw\RAVDESS\Actor_14\03-01-01-01-01-02-14.wav,03-01-01-01-01-02-14.wav,14,01,neutral,16000,1,3.3366875,106852,f1c890facc1878e70a346f1d65c1a4bb,development
..\data\raw\RAVDESS\Actor_14\03-01-01-01-02-01-14.wav,03-01-01-01-02-01-14.wav,14,01,neutral,16000,1,3.4701875,111124,2e0dfbca0fcd718cd59394386edd0c6d,development
..\data\raw\RAVDESS\Actor_14\03-01-01-01-02-02-14.wav,03-01-01-01-02-02-14.wav,14,01,neutral,16000,1,3.57025,114326,593f3d35891af8071c35cf7719891e93,development
..\data\raw\RAVDESS\Actor_14\03-01-02-01-01-01-14.wav,03-01-02-01-01-01-14.wav,14,02,calm,16000,1,3.7370625,119664,a2b2d6a819cd619e8d15bd4e6e3a2134,development
..\data\raw\RAVDESS\Actor_14\03-01-02-01-01-02-14.wav,03-01-02-01-01-02-14.wav,14,02,calm,16000,1,3.57025,114326,988be85c8139db849bbb58317d8c3136,development
..\data\raw\RAVDESS\Actor_14\03-01-02-01-02-01-14.wav,03-01-02-01-02-01-14.wav,14,02,calm,16000,1,3.4034375,108988,04d9b266e6197ca0d67271d38ae6feb1,development
..\data\raw\RAVDESS\Actor_14\03-01-02-01-02-02-14.wav,03-01-02-01-02-02-14.wav,14,02,calm,16000,1,3.5035,112190,b5b923d68762bb3bf49d38ec7f722c29,development
..\data\raw\RAVDESS\Actor_14\03-01-02-02-01-01-14.wav,03-01-02-02-01-01-14.wav,14,02,calm,16000,1,3.8705625,123936,795d655c3a30a000ed0e604b4f00c6f2,development
..\data\raw\RAVDESS\Actor_14\03-01-02-02-01-02-14.wav,03-01-02-02-01-02-14.wav,14,02,calm,16000,1,3.9039375,125004,55f6cb31ad68340604ab40437f6f5c8c,development
..\data\raw\RAVDESS\Actor_14\03-01-02-02-02-01-14.wav,03-01-02-02-02-01-14.wav,14,02,calm,16000,1,3.7370625,119664,21751f806ca43747e175f0ff04474e2a,development
..\data\raw\RAVDESS\Actor_14\03-01-02-02-02-02-14.wav,03-01-02-02-02-02-14.wav,14,02,calm,16000,1,3.7704375,120732,62a52fff664349c6e111e0bf7554f764,development
..\data\raw\RAVDESS\Actor_14\03-01-03-01-01-01-14.wav,03-01-03-01-01-01-14.wav,14,03,happy,16000,1,3.70375,118598,596f8ec67c75db3d5f6ef888c9895b6d,development
..\data\raw\RAVDESS\Actor_14\03-01-03-01-01-02-14.wav,03-01-03-01-01-02-14.wav,14,03,happy,16000,1,3.670375,117530,9f995c4407b8b1dc9333305e6821f8eb,development
..\data\raw\RAVDESS\Actor_14\03-01-03-01-02-01-14.wav,03-01-03-01-02-01-14.wav,14,03,happy,16000,1,3.4034375,108988,d188494b62d0af9b9477ad314b1d2f9e,development
..\data\raw\RAVDESS\Actor_14\03-01-03-01-02-02-14.wav,03-01-03-01-02-02-14.wav,14,03,happy,16000,1,3.470125,111122,68727ee56c6df0469348aaeedd902cd0,development
..\data\raw\RAVDESS\Actor_14\03-01-03-02-01-01-14.wav,03-01-03-02-01-01-14.wav,14,03,happy,16000,1,3.7704375,120732,57020f78dc9d09e159054afb7fb404a6,development
..\data\raw\RAVDESS\Actor_14\03-01-03-02-01-02-14.wav,03-01-03-02-01-02-14.wav,14,03,happy,16000,1,3.7370625,119664,3d4e3099a2fadaab326b84a58592123b,development
..\data\raw\RAVDESS\Actor_14\03-01-03-02-02-01-14.wav,03-01-03-02-02-01-14.wav,14,03,happy,16000,1,3.8371875,122868,20d97b150dfae972cb580ed32b267548,development
..\data\raw\RAVDESS\Actor_14\03-01-03-02-02-02-14.wav,03-01-03-02-02-02-14.wav,14,03,happy,16000,1,3.7370625,119664,96847d1d296282a56b2629e5e09c35e6,development
..\data\raw\RAVDESS\Actor_14\03-01-04-01-01-01-14.wav,03-01-04-01-01-01-14.wav,14,04,sad,16000,1,3.7370625,119664,46c9d6d021f5cba484ee7a0129e68829,development
..\data\raw\RAVDESS\Actor_14\03-01-04-01-01-02-14.wav,03-01-04-01-01-02-14.wav,14,04,sad,16000,1,3.603625,115394,c6c48a44a9ce0a1abde81e9a866d23d5,development
..\data\raw\RAVDESS\Actor_14\03-01-04-01-02-01-14.wav,03-01-04-01-02-01-14.wav,14,04,sad,16000,1,3.603625,115394,9444efe57295d5343ceaaee47062415d,development
..\data\raw\RAVDESS\Actor_14\03-01-04-01-02-02-14.wav,03-01-04-01-02-02-14.wav,14,04,sad,16000,1,3.536875,113258,e0e8c68c5fe4505785b9bcc5f5e7dd05,development
..\data\raw\RAVDESS\Actor_14\03-01-04-02-01-01-14.wav,03-01-04-02-01-01-14.wav,14,04,sad,16000,1,3.8705625,123936,1e8fb8fff0580f7e4a039206a4b93572,development
..\data\raw\RAVDESS\Actor_14\03-01-04-02-01-02-14.wav,03-01-04-02-01-02-14.wav,14,04,sad,16000,1,3.670375,117530,d55b88ebed0cb2d73413ee027c7b96d0,development
..\data\raw\RAVDESS\Actor_14\03-01-04-02-02-01-14.wav,03-01-04-02-02-01-14.wav,14,04,sad,16000,1,3.670375,117530,ef1aa9cea706519804f0d6720c37ed49,development
..\data\raw\RAVDESS\Actor_14\03-01-04-02-02-02-14.wav,03-01-04-02-02-02-14.wav,14,04,sad,16000,1,3.9039375,125004,70f67e85620fc229ed03f12b131472bc,development
..\data\raw\RAVDESS\Actor_14\03-01-05-01-01-01-14.wav,03-01-05-01-01-01-14.wav,14,05,angry,16000,1,3.603625,115394,60263cb304b6be2a53e3c07d5b620e9b,development
..\data\raw\RAVDESS\Actor_14\03-01-05-01-01-02-14.wav,03-01-05-01-01-02-14.wav,14,05,angry,16000,1,3.70375,118598,e9d05312928d8c5b6629ef92f1435ffb,development
..\data\raw\RAVDESS\Actor_14\03-01-05-01-02-01-14.wav,03-01-05-01-02-01-14.wav,14,05,angry,16000,1,3.7370625,119664,c1665bb443220d1be545d19011e1d6cb,development
..\data\raw\RAVDESS\Actor_14\03-01-05-01-02-02-14.wav,03-01-05-01-02-02-14.wav,14,05,angry,16000,1,3.9039375,125004,664af9feb1ec8732851e025fd9eebf0e,development
..\data\raw\RAVDESS\Actor_14\03-01-05-02-01-01-14.wav,03-01-05-02-01-01-14.wav,14,05,angry,16000,1,4.2709375,136748,6799a84b198f5d2789cd3a407b245fa5,development
..\data\raw\RAVDESS\Actor_14\03-01-05-02-01-02-14.wav,03-01-05-02-01-02-14.wav,14,05,angry,16000,1,4.3710625,139952,256b3e84cfb1d352f76d13fb17dd572a,development
..\data\raw\RAVDESS\Actor_14\03-01-05-02-02-01-14.wav,03-01-05-02-02-01-14.wav,14,05,angry,16000,1,4.170875,133546,4662cc179a3a6201218e793bffdcc0b4,development
..\data\raw\RAVDESS\Actor_14\03-01-05-02-02-02-14.wav,03-01-05-02-02-02-14.wav,14,05,angry,16000,1,4.4044375,141020,233a446d65cb7f11c21dcfa0af586add,development
..\data\raw\RAVDESS\Actor_14\03-01-06-01-01-01-14.wav,03-01-06-01-01-01-14.wav,14,06,fearful,16000,1,3.3700625,107920,0c7daa4802d1a402db58c97a88bfbb66,development
..\data\raw\RAVDESS\Actor_14\03-01-06-01-01-02-14.wav,03-01-06-01-01-02-14.wav,14,06,fearful,16000,1,3.57025,114326,18acc6600ffc19c0a1eda9adb2d32f9e,development
..\data\raw\RAVDESS\Actor_14\03-01-06-01-02-01-14.wav,03-01-06-01-02-01-14.wav,14,06,fearful,16000,1,3.3700625,107920,be3f8fb7e9918ed5d4852bbd755f0c31,development
..\data\raw\RAVDESS\Actor_14\03-01-06-01-02-02-14.wav,03-01-06-01-02-02-14.wav,14,06,fearful,16000,1,3.3700625,107920,95162c3e44b6d9150f1dcb89b46c63b0,development
..\data\raw\RAVDESS\Actor_14\03-01-06-02-01-01-14.wav,03-01-06-02-01-01-14.wav,14,06,fearful,16000,1,3.3700625,107920,4469aee14dc119e5095087fa5c1443bd,development
..\data\raw\RAVDESS\Actor_14\03-01-06-02-01-02-14.wav,03-01-06-02-01-02-14.wav,14,06,fearful,16000,1,3.4034375,108988,941862002594c8d256415ed96be85011,development
..\data\raw\RAVDESS\Actor_14\03-01-06-02-02-01-14.wav,03-01-06-02-02-01-14.wav,14,06,fearful,16000,1,3.5035,112190,27880171d40fe1d6288091492430b437,development
..\data\raw\RAVDESS\Actor_14\03-01-06-02-02-02-14.wav,03-01-06-02-02-02-14.wav,14,06,fearful,16000,1,3.470125,111122,eb51c570ead0e8d823b0410fb8f86083,development
..\data\raw\RAVDESS\Actor_14\03-01-07-01-01-01-14.wav,03-01-07-01-01-01-14.wav,14,07,disgust,16000,1,3.7704375,120732,aa43d5821b4f413a8e0960b997ad2bb7,development
..\data\raw\RAVDESS\Actor_14\03-01-07-01-01-02-14.wav,03-01-07-01-01-02-14.wav,14,07,disgust,16000,1,3.637,116462,66ee94a881d3ddb1b0b6b68a045ba392,development
..\data\raw\RAVDESS\Actor_14\03-01-07-01-02-01-14.wav,03-01-07-01-02-01-14.wav,14,07,disgust,16000,1,3.7370625,119664,b6dbd0b40fd8357885137694824d0521,development
..\data\raw\RAVDESS\Actor_14\03-01-07-01-02-02-14.wav,03-01-07-01-02-02-14.wav,14,07,disgust,16000,1,3.7704375,120732,a42b6499ca2c19984fbc95b921ccf184,development
..\data\raw\RAVDESS\Actor_14\03-01-07-02-01-01-14.wav,03-01-07-02-01-01-14.wav,14,07,disgust,16000,1,3.93725,126070,3cd3585a47a5dbea39ef92973b5e71d8,development
..\data\raw\RAVDESS\Actor_14\03-01-07-02-01-02-14.wav,03-01-07-02-01-02-14.wav,14,07,disgust,16000,1,3.7370625,119664,3e1d9a13c2f1d35ecf9b2a2feb4fe843,development
..\data\raw\RAVDESS\Actor_14\03-01-07-02-02-01-14.wav,03-01-07-02-02-01-14.wav,14,07,disgust,16000,1,3.670375,117530,2d586536f321c617c0504f71c579ad02,development
..\data\raw\RAVDESS\Actor_14\03-01-07-02-02-02-14.wav,03-01-07-02-02-02-14.wav,14,07,disgust,16000,1,3.8038125,121800,be2352f9f73a2b3b02329c548bcbffba,development
..\data\raw\RAVDESS\Actor_14\03-01-08-01-01-01-14.wav,03-01-08-01-01-01-14.wav,14,08,surprised,16000,1,3.637,116462,d4c6fdeedfba67b26ffcc98630ff6003,development
..\data\raw\RAVDESS\Actor_14\03-01-08-01-01-02-14.wav,03-01-08-01-01-02-14.wav,14,08,surprised,16000,1,3.57025,114326,858e13ffb64bf03c92e2aebc605a6256,development
..\data\raw\RAVDESS\Actor_14\03-01-08-01-02-01-14.wav,03-01-08-01-02-01-14.wav,14,08,surprised,16000,1,3.20325,102582,ef881a5dd9c2730a220369ed5203ad8b,development
..\data\raw\RAVDESS\Actor_14\03-01-08-01-02-02-14.wav,03-01-08-01-02-02-14.wav,14,08,surprised,16000,1,3.3033125,105784,6b5a9acebb830f19af72d1b96695218d,development
..\data\raw\RAVDESS\Actor_14\03-01-08-02-01-01-14.wav,03-01-08-02-01-01-14.wav,14,08,surprised,16000,1,3.970625,127138,bc99008aac950c8d178f46c29b8331c9,development
..\data\raw\RAVDESS\Actor_14\03-01-08-02-01-02-14.wav,03-01-08-02-01-02-14.wav,14,08,surprised,16000,1,3.70375,118598,68a8d4b2eb53db96a038ff7c628d20a8,development
..\data\raw\RAVDESS\Actor_14\03-01-08-02-02-01-14.wav,03-01-08-02-02-01-14.wav,14,08,surprised,16000,1,3.70375,118598,08b01f5ac078155891971da77a8b55d1,development
..\data\raw\RAVDESS\Actor_14\03-01-08-02-02-02-14.wav,03-01-08-02-02-02-14.wav,14,08,surprised,16000,1,3.7370625,119664,ccf7a05f50108f61ade4406c11bb0092,development
..\data\raw\RAVDESS\Actor_15\03-01-01-01-01-01-15.wav,03-01-01-01-01-01-15.wav,15,01,neutral,16000,1,3.3700625,107920,17a72f10c5f4baec941479d40b449813,development
..\data\raw\RAVDESS\Actor_15\03-01-01-01-01-02-15.wav,03-01-01-01-01-02-15.wav,15,01,neutral,16000,1,3.4368125,110056,5037d4e5fc36bc732f8e26a7f9fe7d53,development
..\data\raw\RAVDESS\Actor_15\03-01-01-01-02-01-15.wav,03-01-01-01-02-01-15.wav,15,01,neutral,16000,1,3.43675,110054,203571a9ee7d3b3d542f9bdb208996d7,development
..\data\raw\RAVDESS\Actor_15\03-01-01-01-02-02-15.wav,03-01-01-01-02-02-15.wav,15,01,neutral,16000,1,3.4034375,108988,39bba9391d8d83af868fdc057be75487,development
..\data\raw\RAVDESS\Actor_15\03-01-02-01-01-01-15.wav,03-01-02-01-01-01-15.wav,15,02,calm,16000,1,3.57025,114326,70a0b749f5956ac8f48d466ec3fd204f,development
..\data\raw\RAVDESS\Actor_15\03-01-02-01-01-02-15.wav,03-01-02-01-01-02-15.wav,15,02,calm,16000,1,3.57025,114326,c75f2465fc7aeac0b5a2c23ef72d0846,development
..\data\raw\RAVDESS\Actor_15\03-01-02-01-02-01-15.wav,03-01-02-01-02-01-15.wav,15,02,calm,16000,1,3.7370625,119664,5493b52f5577d798e439a00cbf312561,development
..\data\raw\RAVDESS\Actor_15\03-01-02-01-02-02-15.wav,03-01-02-01-02-02-15.wav,15,02,calm,16000,1,3.57025,114326,c7ccf7dcb8c75d958a91c6a49ff26bc9,development
..\data\raw\RAVDESS\Actor_15\03-01-02-02-01-01-15.wav,03-01-02-02-01-01-15.wav,15,02,calm,16000,1,3.670375,117530,479709d7cd19e2bbe761be01403f9d21,development
..\data\raw\RAVDESS\Actor_15\03-01-02-02-01-02-15.wav,03-01-02-02-01-02-15.wav,15,02,calm,16000,1,3.8038125,121800,c331eba55c135181e52a386a60db535c,development
..\data\raw\RAVDESS\Actor_15\03-01-02-02-02-01-15.wav,03-01-02-02-02-01-15.wav,15,02,calm,16000,1,3.9373125,126072,8efba777e6f3f7b7e453a46ea09a4e82,development
..\data\raw\RAVDESS\Actor_15\03-01-02-02-02-02-15.wav,03-01-02-02-02-02-15.wav,15,02,calm,16000,1,3.603625,115394,e6ada9ebe6ed90b1b6aa7e452385059f,development
..\data\raw\RAVDESS\Actor_15\03-01-03-01-01-01-15.wav,03-01-03-01-01-01-15.wav,15,03,happy,16000,1,3.4034375,108988,d6baa8e978055faf4b2c5e559456fb06,development
..\data\raw\RAVDESS\Actor_15\03-01-03-01-01-02-15.wav,03-01-03-01-01-02-15.wav,15,03,happy,16000,1,3.3366875,106852,25930f06f316cc6936330d1570b2572f,development
..\data\raw\RAVDESS\Actor_15\03-01-03-01-02-01-15.wav,03-01-03-01-02-01-15.wav,15,03,happy,16000,1,3.3366875,106852,22f0ae987c323eec1449a9d7e2f83e86,development
..\data\raw\RAVDESS\Actor_15\03-01-03-01-02-02-15.wav,03-01-03-01-02-02-15.wav,15,03,happy,16000,1,3.4368125,110056,aa21c70ed1470ddfe42104f6e0c184ec,development
..\data\raw\RAVDESS\Actor_15\03-01-03-02-01-01-15.wav,03-01-03-02-01-01-15.wav,15,03,happy,16000,1,3.57025,114326,2e6e8d08b2062261e7da67f0413f2507,development
..\data\raw\RAVDESS\Actor_15\03-01-03-02-01-02-15.wav,03-01-03-02-01-02-15.wav,15,03,happy,16000,1,3.470125,111122,9922e6fff4c5212413025570ff438830,development
..\data\raw\RAVDESS\Actor_15\03-01-03-02-02-01-15.wav,03-01-03-02-02-01-15.wav,15,03,happy,16000,1,3.8038125,121800,0cbb17b0223aabae022dc9180c90a60c,development
..\data\raw\RAVDESS\Actor_15\03-01-03-02-02-02-15.wav,03-01-03-02-02-02-15.wav,15,03,happy,16000,1,3.3700625,107920,d8508ed77d38d210485048d726600633,development
..\data\raw\RAVDESS\Actor_15\03-01-04-01-01-01-15.wav,03-01-04-01-01-01-15.wav,15,04,sad,16000,1,3.5035,112190,855f79b7d45652198443b1488987ca65,development
..\data\raw\RAVDESS\Actor_15\03-01-04-01-01-02-15.wav,03-01-04-01-01-02-15.wav,15,04,sad,16000,1,3.3033125,105784,2403e6b7153a8edc82e65ba16be6edcf,development
..\data\raw\RAVDESS\Actor_15\03-01-04-01-02-01-15.wav,03-01-04-01-02-01-15.wav,15,04,sad,16000,1,3.3033125,105784,64722a467c4bf1c204443765335428e9,development
..\data\raw\RAVDESS\Actor_15\03-01-04-01-02-02-15.wav,03-01-04-01-02-02-15.wav,15,04,sad,16000,1,3.3700625,107920,296d2a9f5f7e6e4fa2df84550fff1720,development
..\data\raw\RAVDESS\Actor_15\03-01-04-02-01-01-15.wav,03-01-04-02-01-01-15.wav,15,04,sad,16000,1,3.2699375,104716,0efa8d7dfd34d87b1ea02fcd8ffd4975,development
..\data\raw\RAVDESS\Actor_15\03-01-04-02-01-02-15.wav,03-01-04-02-01-02-15.wav,15,04,sad,16000,1,3.4034375,108988,b687e954caf054b56a18fb6c46823971,development
..\data\raw\RAVDESS\Actor_15\03-01-04-02-02-01-15.wav,03-01-04-02-02-01-15.wav,15,04,sad,16000,1,3.536875,113258,65592b0e506abe3ce41e4dce8aae8c3d,development
..\data\raw\RAVDESS\Actor_15\03-01-04-02-02-02-15.wav,03-01-04-02-02-02-15.wav,15,04,sad,16000,1,3.4368125,110056,8c5a6b4ae4f6368f3f8a2e2d81f52f9c,development
..\data\raw\RAVDESS\Actor_15\03-01-05-01-01-01-15.wav,03-01-05-01-01-01-15.wav,15,05,angry,16000,1,3.637,116462,1619ad0373eeb300f25c056c74d17304,development
..\data\raw\RAVDESS\Actor_15\03-01-05-01-01-02-15.wav,03-01-05-01-01-02-15.wav,15,05,angry,16000,1,3.603625,115394,479dc441cebda27bc4e6a4469972291f,development
..\data\raw\RAVDESS\Actor_15\03-01-05-01-02-01-15.wav,03-01-05-01-02-01-15.wav,15,05,angry,16000,1,3.70375,118598,787467e3616a4368ed0b0fd9f0156483,development
..\data\raw\RAVDESS\Actor_15\03-01-05-01-02-02-15.wav,03-01-05-01-02-02-15.wav,15,05,angry,16000,1,3.536875,113258,47a9405f3529bcd8901e4edf0852d16b,development
..\data\raw\RAVDESS\Actor_15\03-01-05-02-01-01-15.wav,03-01-05-02-01-01-15.wav,15,05,angry,16000,1,3.536875,113258,6a1de2f3ac476c0260b550b3e8ff85e9,development
..\data\raw\RAVDESS\Actor_15\03-01-05-02-01-02-15.wav,03-01-05-02-01-02-15.wav,15,05,angry,16000,1,3.737125,119666,270b6cdc586effdf3c1524fe53fc2bce,development
..\data\raw\RAVDESS\Actor_15\03-01-05-02-02-01-15.wav,03-01-05-02-02-01-15.wav,15,05,angry,16000,1,3.4701875,111124,02aab8ad881b4a0593d2d4683d89cc11,development
..\data\raw\RAVDESS\Actor_15\03-01-05-02-02-02-15.wav,03-01-05-02-02-02-15.wav,15,05,angry,16000,1,3.603625,115394,1132977e97b0aad187454ad399fe16fa,development
..\data\raw\RAVDESS\Actor_15\03-01-06-01-01-01-15.wav,03-01-06-01-01-01-15.wav,15,06,fearful,16000,1,3.3033125,105784,ed4e81735858ee23c2292d712d48e3ce,development
..\data\raw\RAVDESS\Actor_15\03-01-06-01-01-02-15.wav,03-01-06-01-01-02-15.wav,15,06,fearful,16000,1,3.3033125,105784,41bd2b654d6753ad58b317ab9b2bcdde,development
..\data\raw\RAVDESS\Actor_15\03-01-06-01-02-01-15.wav,03-01-06-01-02-01-15.wav,15,06,fearful,16000,1,3.2699375,104716,3667078340c2bd0adfc940f29c656e36,development
..\data\raw\RAVDESS\Actor_15\03-01-06-01-02-02-15.wav,03-01-06-01-02-02-15.wav,15,06,fearful,16000,1,3.3033125,105784,5d152dc820cde92e877979ff5ecc0724,development
..\data\raw\RAVDESS\Actor_15\03-01-06-02-01-01-15.wav,03-01-06-02-01-01-15.wav,15,06,fearful,16000,1,3.3366875,106852,f68ceef2c2605e5c8ade6cd3875757ce,development
..\data\raw\RAVDESS\Actor_15\03-01-06-02-01-02-15.wav,03-01-06-02-01-02-15.wav,15,06,fearful,16000,1,3.4701875,111124,dbd85fc095e8f4511d35e236105cbb47,development
..\data\raw\RAVDESS\Actor_15\03-01-06-02-02-01-15.wav,03-01-06-02-02-01-15.wav,15,06,fearful,16000,1,3.3700625,107920,96e8534c3286fe54f50691725872deba,development
..\data\raw\RAVDESS\Actor_15\03-01-06-02-02-02-15.wav,03-01-06-02-02-02-15.wav,15,06,fearful,16000,1,3.5035,112190,225a633d74173b51d918449c959cdda0,development
..\data\raw\RAVDESS\Actor_15\03-01-07-01-01-01-15.wav,03-01-07-01-01-01-15.wav,15,07,disgust,16000,1,3.7370625,119664,e00c6273ce0a321321160026ec4eb294,development
..\data\raw\RAVDESS\Actor_15\03-01-07-01-01-02-15.wav,03-01-07-01-01-02-15.wav,15,07,disgust,16000,1,3.637,116462,3ba861e8f44bec9445e2af0fdf980e60,development
..\data\raw\RAVDESS\Actor_15\03-01-07-01-02-01-15.wav,03-01-07-01-02-01-15.wav,15,07,disgust,16000,1,3.670375,117530,d31463c6d7e144da4a70b20d055c516b,development
..\data\raw\RAVDESS\Actor_15\03-01-07-01-02-02-15.wav,03-01-07-01-02-02-15.wav,15,07,disgust,16000,1,4.07075,130342,21ba3a84b93b04fd45526fff8c24b9b2,development
..\data\raw\RAVDESS\Actor_15\03-01-07-02-01-01-15.wav,03-01-07-02-01-01-15.wav,15,07,disgust,16000,1,3.7036875,118596,3f49615e9dbec4a174b7fab981082fbe,development
..\data\raw\RAVDESS\Actor_15\03-01-07-02-01-02-15.wav,03-01-07-02-01-02-15.wav,15,07,disgust,16000,1,3.3700625,107920,a2aef01d4f0c5365bec1a3fdd706dd1f,development
..\data\raw\RAVDESS\Actor_15\03-01-07-02-02-01-15.wav,03-01-07-02-02-01-15.wav,15,07,disgust,16000,1,3.3033125,105784,254a66c171301c6b60f90ad67eeea7ce,development
..\data\raw\RAVDESS\Actor_15\03-01-07-02-02-02-15.wav,03-01-07-02-02-02-15.wav,15,07,disgust,16000,1,3.4701875,111124,b92664ad4471897b97ce24f78b4911a3,development
..\data\raw\RAVDESS\Actor_15\03-01-08-01-01-01-15.wav,03-01-08-01-01-01-15.wav,15,08,surprised,16000,1,3.637,116462,0edbdbdd023c3adde2cf83b979e003f6,development
..\data\raw\RAVDESS\Actor_15\03-01-08-01-01-02-15.wav,03-01-08-01-01-02-15.wav,15,08,surprised,16000,1,3.4368125,110056,aa6085f8bbe7efe155a3a929c18c2b81,development
..\data\raw\RAVDESS\Actor_15\03-01-08-01-02-01-15.wav,03-01-08-01-02-01-15.wav,15,08,surprised,16000,1,3.70375,118598,c652b14771a5bdee40f2cf5cf986930d,development
..\data\raw\RAVDESS\Actor_15\03-01-08-01-02-02-15.wav,03-01-08-01-02-02-15.wav,15,08,surprised,16000,1,3.3700625,107920,d8707fe54e1c84ceccde654eef2b1e95,development
..\data\raw\RAVDESS\Actor_15\03-01-08-02-01-01-15.wav,03-01-08-02-01-01-15.wav,15,08,surprised,16000,1,3.3700625,107920,4ad32dda24780e5bc146a7f0801f4b31,development
..\data\raw\RAVDESS\Actor_15\03-01-08-02-01-02-15.wav,03-01-08-02-01-02-15.wav,15,08,surprised,16000,1,3.3033125,105784,5b01cd350296303c33f5fde3c1a30a39,development
..\data\raw\RAVDESS\Actor_15\03-01-08-02-02-01-15.wav,03-01-08-02-02-01-15.wav,15,08,surprised,16000,1,3.20325,102582,a442790bc56e95ca0ea34838acc75283,development
..\data\raw\RAVDESS\Actor_15\03-01-08-02-02-02-15.wav,03-01-08-02-02-02-15.wav,15,08,surprised,16000,1,3.3366875,106852,e5d7f9b2f0f6d385c8d0d34b33c2485f,development
..\data\raw\RAVDESS\Actor_16\03-01-01-01-01-01-16.wav,03-01-01-01-01-01-16.wav,16,01,neutral,16000,1,3.7370625,119664,b7e850a6a5647ce8d5f79593df12bbba,development
..\data\raw\RAVDESS\Actor_16\03-01-01-01-01-02-16.wav,03-01-01-01-01-02-16.wav,16,01,neutral,16000,1,3.737125,119666,de24901009865cf53a34464acf3f01b1,development
..\data\raw\RAVDESS\Actor_16\03-01-01-01-02-01-16.wav,03-01-01-01-02-01-16.wav,16,01,neutral,16000,1,3.603625,115394,dacc07e4ffbabaa8437402e19720d741,development
..\data\raw\RAVDESS\Actor_16\03-01-01-01-02-02-16.wav,03-01-01-01-02-02-16.wav,16,01,neutral,16000,1,3.57025,114326,e7a860da7e094d31df8878fd2210a3e1,development
..\data\raw\RAVDESS\Actor_16\03-01-02-01-01-01-16.wav,03-01-02-01-01-01-16.wav,16,02,calm,16000,1,3.7036875,118596,8ae8e64d24494423f701103fe0f8bd81,development
..\data\raw\RAVDESS\Actor_16\03-01-02-01-01-02-16.wav,03-01-02-01-01-02-16.wav,16,02,calm,16000,1,3.8705625,123936,ba4c9ecd7e54271c3c881ae9478a46cd,development
..\data\raw\RAVDESS\Actor_16\03-01-02-01-02-01-16.wav,03-01-02-01-02-01-16.wav,16,02,calm,16000,1,3.8038125,121800,d4932cb90f0c216af82d212a7a03946b,development
..\data\raw\RAVDESS\Actor_16\03-01-02-01-02-02-16.wav,03-01-02-01-02-02-16.wav,16,02,calm,16000,1,3.670375,117530,c0649b5f86a6d73c55abdae11a7edb05,development
..\data\raw\RAVDESS\Actor_16\03-01-02-02-01-01-16.wav,03-01-02-02-01-01-16.wav,16,02,calm,16000,1,3.8705625,123936,9fd65e6d9070d71bd8636e52ba00f99a,development
..\data\raw\RAVDESS\Actor_16\03-01-02-02-01-02-16.wav,03-01-02-02-01-02-16.wav,16,02,calm,16000,1,3.9373125,126072,a2b321b6c16783c96802d9eee8c42083,development
..\data\raw\RAVDESS\Actor_16\03-01-02-02-02-01-16.wav,03-01-02-02-02-01-16.wav,16,02,calm,16000,1,3.8038125,121800,a772862e10c47ba91815c445afa860a9,development
..\data\raw\RAVDESS\Actor_16\03-01-02-02-02-02-16.wav,03-01-02-02-02-02-16.wav,16,02,calm,16000,1,3.8038125,121800,f1bcc90a92fb7b170b0258ef1b4d095b,development
..\data\raw\RAVDESS\Actor_16\03-01-03-01-01-01-16.wav,03-01-03-01-01-01-16.wav,16,03,happy,16000,1,3.70375,118598,fea7758c16322e614e3bc3896e84a75e,development
..\data\raw\RAVDESS\Actor_16\03-01-03-01-01-02-16.wav,03-01-03-01-01-02-16.wav,16,03,happy,16000,1,3.670375,117530,a3bec5f392573c28dc08345b23dc9b77,development
..\data\raw\RAVDESS\Actor_16\03-01-03-01-02-01-16.wav,03-01-03-01-02-01-16.wav,16,03,happy,16000,1,3.7370625,119664,7fac73df291d49f4483511479318ac2c,development
..\data\raw\RAVDESS\Actor_16\03-01-03-01-02-02-16.wav,03-01-03-01-02-02-16.wav,16,03,happy,16000,1,3.670375,117530,fe8588b2cc0f2689627d924f0d236ca3,development
..\data\raw\RAVDESS\Actor_16\03-01-03-02-01-01-16.wav,03-01-03-02-01-01-16.wav,16,03,happy,16000,1,3.7704375,120732,5093c42967004d3e97144b254ee40cf3,development
..\data\raw\RAVDESS\Actor_16\03-01-03-02-01-02-16.wav,03-01-03-02-01-02-16.wav,16,03,happy,16000,1,3.57025,114326,99d3fe32dd1f2d08d14ec55ec85d88c6,development
..\data\raw\RAVDESS\Actor_16\03-01-03-02-02-01-16.wav,03-01-03-02-02-01-16.wav,16,03,happy,16000,1,3.7704375,120732,434ae9db374177281ebfe49d034e6105,development
..\data\raw\RAVDESS\Actor_16\03-01-03-02-02-02-16.wav,03-01-03-02-02-02-16.wav,16,03,happy,16000,1,3.8038125,121800,359403076bf55019e4053610fd48b658,development
..\data\raw\RAVDESS\Actor_16\03-01-04-01-01-01-16.wav,03-01-04-01-01-01-16.wav,16,04,sad,16000,1,3.57025,114326,7fefeaa890bd0102186d29f47cb719f7,development
..\data\raw\RAVDESS\Actor_16\03-01-04-01-01-02-16.wav,03-01-04-01-01-02-16.wav,16,04,sad,16000,1,3.637,116462,1039d870b5888c45cdf36a2c1c6db895,development
..\data\raw\RAVDESS\Actor_16\03-01-04-01-02-01-16.wav,03-01-04-01-02-01-16.wav,16,04,sad,16000,1,3.4034375,108988,6ed3c20f06fb1373f33470c58ac4ad53,development
..\data\raw\RAVDESS\Actor_16\03-01-04-01-02-02-16.wav,03-01-04-01-02-02-16.wav,16,04,sad,16000,1,3.5035,112190,a5d86ac92c093ef217bfae7b6092bf22,development
..\data\raw\RAVDESS\Actor_16\03-01-04-02-01-01-16.wav,03-01-04-02-01-01-16.wav,16,04,sad,16000,1,3.7370625,119664,e4042ddf691d1241b9fba86a698ce7c6,development
..\data\raw\RAVDESS\Actor_16\03-01-04-02-01-02-16.wav,03-01-04-02-01-02-16.wav,16,04,sad,16000,1,3.8038125,121800,903feddf92242f8a52b665765a0832c3,development
..\data\raw\RAVDESS\Actor_16\03-01-04-02-02-01-16.wav,03-01-04-02-02-01-16.wav,16,04,sad,16000,1,3.8705625,123936,4fb3e31fe4aca57c5167d6e3a547d674,development
..\data\raw\RAVDESS\Actor_16\03-01-04-02-02-02-16.wav,03-01-04-02-02-02-16.wav,16,04,sad,16000,1,3.7370625,119664,45573109b05d6e1b7a3fb9cc3634bc1e,development
..\data\raw\RAVDESS\Actor_16\03-01-05-01-01-01-16.wav,03-01-05-01-01-01-16.wav,16,05,angry,16000,1,3.9706875,127140,4a957948080662c61a269021eb148b8d,development
..\data\raw\RAVDESS\Actor_16\03-01-05-01-01-02-16.wav,03-01-05-01-01-02-16.wav,16,05,angry,16000,1,4.004,128206,1cf4364aae982e5e085feb92308ea0fa,development
..\data\raw\RAVDESS\Actor_16\03-01-05-01-02-01-16.wav,03-01-05-01-02-01-16.wav,16,05,angry,16000,1,3.9039375,125004,d3dd86202f119c0deb45a0a5712ab32c,development
..\data\raw\RAVDESS\Actor_16\03-01-05-01-02-02-16.wav,03-01-05-01-02-02-16.wav,16,05,angry,16000,1,3.9039375,125004,10b2885de7b499b16df058d668577ccc,development
..\data\raw\RAVDESS\Actor_16\03-01-05-02-01-01-16.wav,03-01-05-02-01-01-16.wav,16,05,angry,16000,1,3.9706875,127140,f78572486cb0c15fbce1415b69630df8,development
..\data\raw\RAVDESS\Actor_16\03-01-05-02-01-02-16.wav,03-01-05-02-01-02-16.wav,16,05,angry,16000,1,3.7370625,119664,1914bc8f7d7a877d5d124c454462b85f,development
..\data\raw\RAVDESS\Actor_16\03-01-05-02-02-01-16.wav,03-01-05-02-02-01-16.wav,16,05,angry,16000,1,3.8038125,121800,733902d9c51294545de36792c1fa88ea,development
..\data\raw\RAVDESS\Actor_16\03-01-05-02-02-02-16.wav,03-01-05-02-02-02-16.wav,16,05,angry,16000,1,4.07075,130342,1f591dd8b034b534cb51efda0fda45f6,development
..\data\raw\RAVDESS\Actor_16\03-01-06-01-01-01-16.wav,03-01-06-01-01-01-16.wav,16,06,fearful,16000,1,3.7036875,118596,42b5255bbb0e15d15dc8e8d2e1341380,development
..\data\raw\RAVDESS\Actor_16\03-01-06-01-01-02-16.wav,03-01-06-01-01-02-16.wav,16,06,fearful,16000,1,3.5035,112190,6eafbf0f4465cf24bcf3acb3cbba4090,development
..\data\raw\RAVDESS\Actor_16\03-01-06-01-02-01-16.wav,03-01-06-01-02-01-16.wav,16,06,fearful,16000,1,3.637,116462,e29f06b6d1efbc2711d8894619ad7c2e,development
..\data\raw\RAVDESS\Actor_16\03-01-06-01-02-02-16.wav,03-01-06-01-02-02-16.wav,16,06,fearful,16000,1,3.57025,114326,d4a67f4d807be188b362ae17aa3f320c,development
..\data\raw\RAVDESS\Actor_16\03-01-06-02-01-01-16.wav,03-01-06-02-01-01-16.wav,16,06,fearful,16000,1,3.7370625,119664,a3a34204d432e90841b2c88dddb7f9ff,development
..\data\raw\RAVDESS\Actor_16\03-01-06-02-01-02-16.wav,03-01-06-02-01-02-16.wav,16,06,fearful,16000,1,3.7370625,119664,7a1d42a2fa06e7c81930bed8054e0b1f,development
..\data\raw\RAVDESS\Actor_16\03-01-06-02-02-01-16.wav,03-01-06-02-02-01-16.wav,16,06,fearful,16000,1,3.536875,113258,dffd32c724ad2e00f409ccad55216b9f,development
..\data\raw\RAVDESS\Actor_16\03-01-06-02-02-02-16.wav,03-01-06-02-02-02-16.wav,16,06,fearful,16000,1,3.5035,112190,2a3f52354e6031c54988c1a5244566ab,development
..\data\raw\RAVDESS\Actor_16\03-01-07-01-01-01-16.wav,03-01-07-01-01-01-16.wav,16,07,disgust,16000,1,3.7704375,120732,9a2b35468312c6cb65c39cc9d14407fd,development
..\data\raw\RAVDESS\Actor_16\03-01-07-01-01-02-16.wav,03-01-07-01-01-02-16.wav,16,07,disgust,16000,1,3.7370625,119664,b155e69c651353668b2cbc378dfda437,development
..\data\raw\RAVDESS\Actor_16\03-01-07-01-02-01-16.wav,03-01-07-01-02-01-16.wav,16,07,disgust,16000,1,3.470125,111122,ef66da7a81a697359f51ff2facde3a9b,development
..\data\raw\RAVDESS\Actor_16\03-01-07-01-02-02-16.wav,03-01-07-01-02-02-16.wav,16,07,disgust,16000,1,3.57025,114326,cf91674e05256757b1ab95adffc9b2ab,development
..\data\raw\RAVDESS\Actor_16\03-01-07-02-01-01-16.wav,03-01-07-02-01-01-16.wav,16,07,disgust,16000,1,4.2709375,136748,15ec8d5185efaed4430431062e679259,development
..\data\raw\RAVDESS\Actor_16\03-01-07-02-01-02-16.wav,03-01-07-02-01-02-16.wav,16,07,disgust,16000,1,4.237625,135682,74c11b631b37872d81014a1e6e45c6a1,development
..\data\raw\RAVDESS\Actor_16\03-01-07-02-02-01-16.wav,03-01-07-02-02-01-16.wav,16,07,disgust,16000,1,4.1375,132478,b46e9d43b4b15eec9223e901fcbcda69,development
..\data\raw\RAVDESS\Actor_16\03-01-07-02-02-02-16.wav,03-01-07-02-02-02-16.wav,16,07,disgust,16000,1,4.1375,132478,08a9c1edd5bd455abee0a3bc6612b5b0,development
..\data\raw\RAVDESS\Actor_16\03-01-08-01-01-01-16.wav,03-01-08-01-01-01-16.wav,16,08,surprised,16000,1,3.536875,113258,80c8c169fc3a31d757f0acc27af6a46b,development
..\data\raw\RAVDESS\Actor_16\03-01-08-01-01-02-16.wav,03-01-08-01-01-02-16.wav,16,08,surprised,16000,1,3.43675,110054,baf0073956f651d5627b75b747f56138,development
..\data\raw\RAVDESS\Actor_16\03-01-08-01-02-01-16.wav,03-01-08-01-02-01-16.wav,16,08,surprised,16000,1,3.5035,112190,ba0fd305093307495362d59a5aea0047,development
..\data\raw\RAVDESS\Actor_16\03-01-08-01-02-02-16.wav,03-01-08-01-02-02-16.wav,16,08,surprised,16000,1,3.4368125,110056,8a7164cdbb3cd593213e1aab255845a8,development
..\data\raw\RAVDESS\Actor_16\03-01-08-02-01-01-16.wav,03-01-08-02-01-01-16.wav,16,08,surprised,16000,1,3.536875,113258,43151b66f6989bb631dfd3d08f775120,development
..\data\raw\RAVDESS\Actor_16\03-01-08-02-01-02-16.wav,03-01-08-02-01-02-16.wav,16,08,surprised,16000,1,3.536875,113258,a4755c5dbf5499234ca9f592dfc8b761,development
..\data\raw\RAVDESS\Actor_16\03-01-08-02-02-01-16.wav,03-01-08-02-02-01-16.wav,16,08,surprised,16000,1,3.57025,114326,84c1715bd8d7d018f0d4af61830ab645,development
..\data\raw\RAVDESS\Actor_16\03-01-08-02-02-02-16.wav,03-01-08-02-02-02-16.wav,16,08,surprised,16000,1,3.57025,114326,ac40482dbc18663650cba1da30a85591,development
..\data\raw\RAVDESS\Actor_17\03-01-01-01-01-01-17.wav,03-01-01-01-01-01-17.wav,17,01,neutral,16000,1,3.8371875,122868,51a94aa5f2cc1320a9424c306baf4328,development
..\data\raw\RAVDESS\Actor_17\03-01-01-01-01-02-17.wav,03-01-01-01-01-02-17.wav,17,01,neutral,16000,1,3.5035,112190,a65e16db2aa84e9e1f63a74acd6aa430,development
..\data\raw\RAVDESS\Actor_17\03-01-01-01-02-01-17.wav,03-01-01-01-02-01-17.wav,17,01,neutral,16000,1,3.5035,112190,32a9e2b6f3382beb84a4969db3a88150,development
..\data\raw\RAVDESS\Actor_17\03-01-01-01-02-02-17.wav,03-01-01-01-02-02-17.wav,17,01,neutral,16000,1,3.470125,111122,4ff78913183a2c2e5b17c454f521bf8a,development
..\data\raw\RAVDESS\Actor_17\03-01-02-01-01-01-17.wav,03-01-02-01-01-01-17.wav,17,02,calm,16000,1,3.5035,112190,c69ab2b8955989d45ce2985bd9ec1c1a,development
..\data\raw\RAVDESS\Actor_17\03-01-02-01-01-02-17.wav,03-01-02-01-01-02-17.wav,17,02,calm,16000,1,3.536875,113258,a5411d6821aabbe4c78d795e25e21748,development
..\data\raw\RAVDESS\Actor_17\03-01-02-01-02-01-17.wav,03-01-02-01-02-01-17.wav,17,02,calm,16000,1,3.737125,119666,4afb3c7ca6d7fa990bfc5f44f6623dc8,development
..\data\raw\RAVDESS\Actor_17\03-01-02-01-02-02-17.wav,03-01-02-01-02-02-17.wav,17,02,calm,16000,1,3.7704375,120732,1a1293ec05092f3264e34686649d9b62,development
..\data\raw\RAVDESS\Actor_17\03-01-02-02-01-01-17.wav,03-01-02-02-01-01-17.wav,17,02,calm,16000,1,3.8705625,123936,b438346bf58b534c9528af173072ba99,development
..\data\raw\RAVDESS\Actor_17\03-01-02-02-01-02-17.wav,03-01-02-02-01-02-17.wav,17,02,calm,16000,1,3.603625,115394,0a3bfe1c590a5e2cc8a1cb7e9b3b7d4d,development
..\data\raw\RAVDESS\Actor_17\03-01-02-02-02-01-17.wav,03-01-02-02-02-01-17.wav,17,02,calm,16000,1,3.8371875,122868,5ca19cdf9207e323f72cc14ef90a7609,development
..\data\raw\RAVDESS\Actor_17\03-01-02-02-02-02-17.wav,03-01-02-02-02-02-17.wav,17,02,calm,16000,1,3.536875,113258,09549327453bb7d8e4fc8b7833e5749d,development
..\data\raw\RAVDESS\Actor_17\03-01-03-01-01-01-17.wav,03-01-03-01-01-01-17.wav,17,03,happy,16000,1,3.470125,111122,882ba7257da3ffd9adc4272cd2badfcb,development
..\data\raw\RAVDESS\Actor_17\03-01-03-01-01-02-17.wav,03-01-03-01-01-02-17.wav,17,03,happy,16000,1,3.536875,113258,b5ff6407173aedd3bcc1fbc575af5094,development
..\data\raw\RAVDESS\Actor_17\03-01-03-01-02-01-17.wav,03-01-03-01-02-01-17.wav,17,03,happy,16000,1,3.4701875,111124,4a393f391e427b59ad7066a3ce6d7d9f,development
..\data\raw\RAVDESS\Actor_17\03-01-03-01-02-02-17.wav,03-01-03-01-02-02-17.wav,17,03,happy,16000,1,3.536875,113258,d7bd4c127bf3cc259f83766687f8d1e8,development
..\data\raw\RAVDESS\Actor_17\03-01-03-02-01-01-17.wav,03-01-03-02-01-01-17.wav,17,03,happy,16000,1,3.7370625,119664,042cfd5a6eec141c2390198d5f7b5671,development
..\data\raw\RAVDESS\Actor_17\03-01-03-02-01-02-17.wav,03-01-03-02-01-02-17.wav,17,03,happy,16000,1,4.104125,131410,366054a0dc42dc26827236a295c741a4,development
..\data\raw\RAVDESS\Actor_17\03-01-03-02-02-01-17.wav,03-01-03-02-02-01-17.wav,17,03,happy,16000,1,3.7370625,119664,9dd9ee7c541faee0220aab5f5f92e0c5,development
..\data\raw\RAVDESS\Actor_17\03-01-03-02-02-02-17.wav,03-01-03-02-02-02-17.wav,17,03,happy,16000,1,3.8038125,121800,e2a5b1c99b3fb0c16478ed8f7d77cab3,development
..\data\raw\RAVDESS\Actor_17\03-01-04-01-01-01-17.wav,03-01-04-01-01-01-17.wav,17,04,sad,16000,1,3.670375,117530,fd6fa89659567f45d5cf73c4ab1f8c69,development
..\data\raw\RAVDESS\Actor_17\03-01-04-01-01-02-17.wav,03-01-04-01-01-02-17.wav,17,04,sad,16000,1,3.5035,112190,00c19ce310067b57eecc89234003c4a6,development
..\data\raw\RAVDESS\Actor_17\03-01-04-01-02-01-17.wav,03-01-04-01-02-01-17.wav,17,04,sad,16000,1,3.57025,114326,4a534130b6698286433fc69f63323374,development
..\data\raw\RAVDESS\Actor_17\03-01-04-01-02-02-17.wav,03-01-04-01-02-02-17.wav,17,04,sad,16000,1,3.603625,115394,a5ad00d1c61f90dc3328596bbf8ed409,development
..\data\raw\RAVDESS\Actor_17\03-01-04-02-01-01-17.wav,03-01-04-02-01-01-17.wav,17,04,sad,16000,1,3.670375,117530,bebe6669d894ebeb674fe2ec39cc6a1a,development
..\data\raw\RAVDESS\Actor_17\03-01-04-02-01-02-17.wav,03-01-04-02-01-02-17.wav,17,04,sad,16000,1,3.70375,118598,0fcc08942cf284963f61fb7b534fa9ea,development
..\data\raw\RAVDESS\Actor_17\03-01-04-02-02-01-17.wav,03-01-04-02-02-01-17.wav,17,04,sad,16000,1,3.603625,115394,de0a96745a7910092be31fe672fbfcda,development
..\data\raw\RAVDESS\Actor_17\03-01-04-02-02-02-17.wav,03-01-04-02-02-02-17.wav,17,04,sad,16000,1,3.57025,114326,78cfa22c9b9f0565f44d01084bffb15e,development
..\data\raw\RAVDESS\Actor_17\03-01-05-01-01-01-17.wav,03-01-05-01-01-01-17.wav,17,05,angry,16000,1,3.4701875,111124,a105651a4d6352aaf45c059da4fcd01f,development
..\data\raw\RAVDESS\Actor_17\03-01-05-01-01-02-17.wav,03-01-05-01-01-02-17.wav,17,05,angry,16000,1,3.70375,118598,1bf4244e7b04a7272eb63c63295ac4a9,development
..\data\raw\RAVDESS\Actor_17\03-01-05-01-02-01-17.wav,03-01-05-01-02-01-17.wav,17,05,angry,16000,1,3.603625,115394,0e3e3dd4fa9c065afeee9856e255503f,development
..\data\raw\RAVDESS\Actor_17\03-01-05-01-02-02-17.wav,03-01-05-01-02-02-17.wav,17,05,angry,16000,1,3.536875,113258,1b93417a6ccbe5d78f534d32ebb0aedc,development
..\data\raw\RAVDESS\Actor_17\03-01-05-02-01-01-17.wav,03-01-05-02-01-01-17.wav,17,05,angry,16000,1,3.5035,112190,660f35a338ef6cd9a6b2c4c220d51b91,development
..\data\raw\RAVDESS\Actor_17\03-01-05-02-01-02-17.wav,03-01-05-02-01-02-17.wav,17,05,angry,16000,1,3.7370625,119664,e3fb53b0c9d08fc9a6154b46a2720775,development
..\data\raw\RAVDESS\Actor_17\03-01-05-02-02-01-17.wav,03-01-05-02-02-01-17.wav,17,05,angry,16000,1,3.637,116462,8c8fdc790d8b4e60736af32289b19958,development
..\data\raw\RAVDESS\Actor_17\03-01-05-02-02-02-17.wav,03-01-05-02-02-02-17.wav,17,05,angry,16000,1,3.8038125,121800,eebc48e5ad3f3e7a564168b4bfeb962d,development
..\data\raw\RAVDESS\Actor_17\03-01-06-01-01-01-17.wav,03-01-06-01-01-01-17.wav,17,06,fearful,16000,1,3.470125,111122,6bbb07f14575d0f576883cb27a4b4e28,development
..\data\raw\RAVDESS\Actor_17\03-01-06-01-01-02-17.wav,03-01-06-01-01-02-17.wav,17,06,fearful,16000,1,3.5035,112190,83f3071501c6e211e40c101eb3675b4d,development
..\data\raw\RAVDESS\Actor_17\03-01-06-01-02-01-17.wav,03-01-06-01-02-01-17.wav,17,06,fearful,16000,1,3.536875,113258,3fb2cdde882cf82b2ee04743c1b5cc94,development
..\data\raw\RAVDESS\Actor_17\03-01-06-01-02-02-17.wav,03-01-06-01-02-02-17.wav,17,06,fearful,16000,1,3.637,116462,818f70e2d724f7c789f5f898be961fae,development
..\data\raw\RAVDESS\Actor_17\03-01-06-02-01-01-17.wav,03-01-06-02-01-01-17.wav,17,06,fearful,16000,1,3.70375,118598,6f81e5bb0efefeaed74a236388832c65,development
..\data\raw\RAVDESS\Actor_17\03-01-06-02-01-02-17.wav,03-01-06-02-01-02-17.wav,17,06,fearful,16000,1,3.7370625,119664,dbddb3fcd33f63ebc5473d4d96f8ee2a,development
..\data\raw\RAVDESS\Actor_17\03-01-06-02-02-01-17.wav,03-01-06-02-02-01-17.wav,17,06,fearful,16000,1,3.670375,117530,5e77354acbdc4e5a5eb2910a83541dd7,development
..\data\raw\RAVDESS\Actor_17\03-01-06-02-02-02-17.wav,03-01-06-02-02-02-17.wav,17,06,fearful,16000,1,3.8371875,122868,8dca6b3b314181aa453279176ada47f6,development
..\data\raw\RAVDESS\Actor_17\03-01-07-01-01-01-17.wav,03-01-07-01-01-01-17.wav,17,07,disgust,16000,1,3.8371875,122868,0e0528032ae5108751afbff194116e16,development
..\data\raw\RAVDESS\Actor_17\03-01-07-01-01-02-17.wav,03-01-07-01-01-02-17.wav,17,07,disgust,16000,1,3.70375,118598,7a4282f336ade538578e7b42b03a4660,development
..\data\raw\RAVDESS\Actor_17\03-01-07-01-02-01-17.wav,03-01-07-01-02-01-17.wav,17,07,disgust,16000,1,3.57025,114326,147d1f6a54b3747ec065c8c3715e2218,development
..\data\raw\RAVDESS\Actor_17\03-01-07-01-02-02-17.wav,03-01-07-01-02-02-17.wav,17,07,disgust,16000,1,3.5035,112190,75d0e66406339c96b1ce6d47cfbdb72c,development
..\data\raw\RAVDESS\Actor_17\03-01-07-02-01-01-17.wav,03-01-07-02-01-01-17.wav,17,07,disgust,16000,1,4.20425,134614,76acbb4f7462a936afa3650a861a025f,development
..\data\raw\RAVDESS\Actor_17\03-01-07-02-01-02-17.wav,03-01-07-02-01-02-17.wav,17,07,disgust,16000,1,4.170875,133546,0456d3485d335dfdce79a2d9ed8858b9,development
..\data\raw\RAVDESS\Actor_17\03-01-07-02-02-01-17.wav,03-01-07-02-02-01-17.wav,17,07,disgust,16000,1,4.4711875,143156,52ffdc17084bfef142c16b8f78dfaf54,development
..\data\raw\RAVDESS\Actor_17\03-01-07-02-02-02-17.wav,03-01-07-02-02-02-17.wav,17,07,disgust,16000,1,4.604625,147426,097b13e7f48ad9d347ac3d76298d298e,development
..\data\raw\RAVDESS\Actor_17\03-01-08-01-01-01-17.wav,03-01-08-01-01-01-17.wav,17,08,surprised,16000,1,3.4034375,108988,d3b35e5b8447cea2fcf7b19cacdb3374,development
..\data\raw\RAVDESS\Actor_17\03-01-08-01-01-02-17.wav,03-01-08-01-01-02-17.wav,17,08,surprised,16000,1,3.637,116462,ff7b07353a3e2f0a4a6f8d3e31488441,development
..\data\raw\RAVDESS\Actor_17\03-01-08-01-02-01-17.wav,03-01-08-01-02-01-17.wav,17,08,surprised,16000,1,3.3700625,107920,d77ce5d4ded286187509d827c630a030,development
..\data\raw\RAVDESS\Actor_17\03-01-08-01-02-02-17.wav,03-01-08-01-02-02-17.wav,17,08,surprised,16000,1,3.4368125,110056,030bc44364ae9d2ba45e81843a44a6bf,development
..\data\raw\RAVDESS\Actor_17\03-01-08-02-01-01-17.wav,03-01-08-02-01-01-17.wav,17,08,surprised,16000,1,3.536875,113258,ce0ce7424f69295bb42fd5abddee29d9,development
..\data\raw\RAVDESS\Actor_17\03-01-08-02-01-02-17.wav,03-01-08-02-01-02-17.wav,17,08,surprised,16000,1,3.670375,117530,7392b30c3ccf84ffa1453ea600ac7483,development
..\data\raw\RAVDESS\Actor_17\03-01-08-02-02-01-17.wav,03-01-08-02-02-01-17.wav,17,08,surprised,16000,1,3.4368125,110056,1bd9ab1a03ac433ecf8a37f3bb270342,development
..\data\raw\RAVDESS\Actor_17\03-01-08-02-02-02-17.wav,03-01-08-02-02-02-17.wav,17,08,surprised,16000,1,3.536875,113258,369687261e804e63b53e069c27e1503e,development
..\data\raw\RAVDESS\Actor_18\03-01-01-01-01-01-18.wav,03-01-01-01-01-01-18.wav,18,01,neutral,16000,1,3.4701875,111124,1a539e622624ef3bbd7c9f447a9ccd4e,development
..\data\raw\RAVDESS\Actor_18\03-01-01-01-01-02-18.wav,03-01-01-01-01-02-18.wav,18,01,neutral,16000,1,3.536875,113258,582a204c95e097d7aff67a40988b8958,development
..\data\raw\RAVDESS\Actor_18\03-01-01-01-02-01-18.wav,03-01-01-01-02-01-18.wav,18,01,neutral,16000,1,3.470125,111122,821d23ea2ce483370f636b9d43872c46,development
..\data\raw\RAVDESS\Actor_18\03-01-01-01-02-02-18.wav,03-01-01-01-02-02-18.wav,18,01,neutral,16000,1,3.4701875,111124,9ef59aaaf6bf12cc2a0d1ae55d70e553,development
..\data\raw\RAVDESS\Actor_18\03-01-02-01-01-01-18.wav,03-01-02-01-01-01-18.wav,18,02,calm,16000,1,3.470125,111122,534f9084b9ddce65e9a157052f9c7d0f,development
..\data\raw\RAVDESS\Actor_18\03-01-02-01-01-02-18.wav,03-01-02-01-01-02-18.wav,18,02,calm,16000,1,3.4034375,108988,4cd670c0bd91311979fa4f51a937f392,development
..\data\raw\RAVDESS\Actor_18\03-01-02-01-02-01-18.wav,03-01-02-01-02-01-18.wav,18,02,calm,16000,1,3.637,116462,0eaf1fd8945a53677c259ecd426b4847,development
..\data\raw\RAVDESS\Actor_18\03-01-02-01-02-02-18.wav,03-01-02-01-02-02-18.wav,18,02,calm,16000,1,3.5035,112190,0fbdd1328a3bdd8b740ffaf60ab1712b,development
..\data\raw\RAVDESS\Actor_18\03-01-02-02-01-01-18.wav,03-01-02-02-01-01-18.wav,18,02,calm,16000,1,3.603625,115394,e28ecfe5821485c6f723fdc377fedae8,development
..\data\raw\RAVDESS\Actor_18\03-01-02-02-01-02-18.wav,03-01-02-02-01-02-18.wav,18,02,calm,16000,1,3.603625,115394,9280c8fbeafcc3910a973a0c8abd6d78,development
..\data\raw\RAVDESS\Actor_18\03-01-02-02-02-01-18.wav,03-01-02-02-02-01-18.wav,18,02,calm,16000,1,3.603625,115394,bce0c5b7f623bc7c0e7fc2aa62173e4c,development
..\data\raw\RAVDESS\Actor_18\03-01-02-02-02-02-18.wav,03-01-02-02-02-02-18.wav,18,02,calm,16000,1,3.603625,115394,58aa2dd519744b5a376ab4e56f56043c,development
..\data\raw\RAVDESS\Actor_18\03-01-03-01-01-01-18.wav,03-01-03-01-01-01-18.wav,18,03,happy,16000,1,3.4034375,108988,6aa75309d2b579fe59f28ccf93ae0f6e,development
..\data\raw\RAVDESS\Actor_18\03-01-03-01-01-02-18.wav,03-01-03-01-01-02-18.wav,18,03,happy,16000,1,3.3700625,107920,4a75b66e2b816cfcc911ec3a9515d354,development
..\data\raw\RAVDESS\Actor_18\03-01-03-01-02-01-18.wav,03-01-03-01-02-01-18.wav,18,03,happy,16000,1,3.43675,110054,464b111f903997defb288cecd66f8873,development
..\data\raw\RAVDESS\Actor_18\03-01-03-01-02-02-18.wav,03-01-03-01-02-02-18.wav,18,03,happy,16000,1,3.5035,112190,d0881c168cc5a3f1e15b747b77f9cc6b,development
..\data\raw\RAVDESS\Actor_18\03-01-03-02-01-01-18.wav,03-01-03-02-01-01-18.wav,18,03,happy,16000,1,3.7704375,120732,b48834aaff6beef430f08dbe84353d77,development
..\data\raw\RAVDESS\Actor_18\03-01-03-02-01-02-18.wav,03-01-03-02-01-02-18.wav,18,03,happy,16000,1,3.93725,126070,978491263cb98554a0449bd721a12a04,development
..\data\raw\RAVDESS\Actor_18\03-01-03-02-02-01-18.wav,03-01-03-02-02-01-18.wav,18,03,happy,16000,1,3.7704375,120732,d3bad39d3839ad58b20a8805f490820f,development
..\data\raw\RAVDESS\Actor_18\03-01-03-02-02-02-18.wav,03-01-03-02-02-02-18.wav,18,03,happy,16000,1,3.8371875,122868,bf30f7f123d25935cd62d1baebe545d9,development
..\data\raw\RAVDESS\Actor_18\03-01-04-01-01-01-18.wav,03-01-04-01-01-01-18.wav,18,04,sad,16000,1,3.57025,114326,decbe0e4b22b84a12e51f58d193fe224,development
..\data\raw\RAVDESS\Actor_18\03-01-04-01-01-02-18.wav,03-01-04-01-01-02-18.wav,18,04,sad,16000,1,3.637,116462,4bfc19f4e3eb3d362386c9fb2474e276,development
..\data\raw\RAVDESS\Actor_18\03-01-04-01-02-01-18.wav,03-01-04-01-02-01-18.wav,18,04,sad,16000,1,3.536875,113258,e342aeaf7dbeaa4a892dd603014c0b9f,development
..\data\raw\RAVDESS\Actor_18\03-01-04-01-02-02-18.wav,03-01-04-01-02-02-18.wav,18,04,sad,16000,1,3.637,116462,89a7388d3e0e309943c6d6c66b31a2b3,development
..\data\raw\RAVDESS\Actor_18\03-01-04-02-01-01-18.wav,03-01-04-02-01-01-18.wav,18,04,sad,16000,1,3.8038125,121800,86341d97d6d9dd5251527f7725b4e956,development
..\data\raw\RAVDESS\Actor_18\03-01-04-02-01-02-18.wav,03-01-04-02-01-02-18.wav,18,04,sad,16000,1,3.8371875,122868,fbd61a81ba81595920fe5b9615a56e3e,development
..\data\raw\RAVDESS\Actor_18\03-01-04-02-02-01-18.wav,03-01-04-02-02-01-18.wav,18,04,sad,16000,1,4.1375,132478,e77bdf7b3f2f74ef28d89391c716e4bb,development
..\data\raw\RAVDESS\Actor_18\03-01-04-02-02-02-18.wav,03-01-04-02-02-02-18.wav,18,04,sad,16000,1,3.8371875,122868,78b0bfef677fe0d7829db9ecd71bf5cc,development
..\data\raw\RAVDESS\Actor_18\03-01-05-01-01-01-18.wav,03-01-05-01-01-01-18.wav,18,05,angry,16000,1,3.9039375,125004,9ac83fec4580510c435d7c716ca2b215,development
..\data\raw\RAVDESS\Actor_18\03-01-05-01-01-02-18.wav,03-01-05-01-01-02-18.wav,18,05,angry,16000,1,4.170875,133546,2afcc593b5c37f8e63ec5deb46862e41,development
..\data\raw\RAVDESS\Actor_18\03-01-05-01-02-01-18.wav,03-01-05-01-02-01-18.wav,18,05,angry,16000,1,3.57025,114326,0060b6b7525b02ff8a4985e4381ac770,development
..\data\raw\RAVDESS\Actor_18\03-01-05-01-02-02-18.wav,03-01-05-01-02-02-18.wav,18,05,angry,16000,1,3.637,116462,98db626b1fd56491e5c762ce1483a7df,development
..\data\raw\RAVDESS\Actor_18\03-01-05-02-01-01-18.wav,03-01-05-02-01-01-18.wav,18,05,angry,16000,1,3.70375,118598,d7a484897dcab83125f6245b4dd675db,development
..\data\raw\RAVDESS\Actor_18\03-01-05-02-01-02-18.wav,03-01-05-02-01-02-18.wav,18,05,angry,16000,1,3.7704375,120732,556edd3673d64e51003eea85862c8f5f,development
..\data\raw\RAVDESS\Actor_18\03-01-05-02-02-01-18.wav,03-01-05-02-02-01-18.wav,18,05,angry,16000,1,3.8371875,122868,417fa52cdfebd09ab76f2c733ca4c827,development
..\data\raw\RAVDESS\Actor_18\03-01-05-02-02-02-18.wav,03-01-05-02-02-02-18.wav,18,05,angry,16000,1,4.2375625,135680,cf918f48f6acfd70c5fd32a1e721e129,development
..\data\raw\RAVDESS\Actor_18\03-01-06-01-01-01-18.wav,03-01-06-01-01-01-18.wav,18,06,fearful,16000,1,3.4368125,110056,b2a347714769e3488d8a8ce1fe7b2764,development
..\data\raw\RAVDESS\Actor_18\03-01-06-01-01-02-18.wav,03-01-06-01-01-02-18.wav,18,06,fearful,16000,1,3.4034375,108988,54e2c873d460e4ff2b7392b8a992c731,development
..\data\raw\RAVDESS\Actor_18\03-01-06-01-02-01-18.wav,03-01-06-01-02-01-18.wav,18,06,fearful,16000,1,3.470125,111122,0be01c515a57c89bf274ee6458579f33,development
..\data\raw\RAVDESS\Actor_18\03-01-06-01-02-02-18.wav,03-01-06-01-02-02-18.wav,18,06,fearful,16000,1,3.4701875,111124,1d0144a9cf73e0f485f3d6516edd2a5f,development
..\data\raw\RAVDESS\Actor_18\03-01-06-02-01-01-18.wav,03-01-06-02-01-01-18.wav,18,06,fearful,16000,1,3.737125,119666,bd582ccdde44f26164052dfb6eb9f3f9,development
..\data\raw\RAVDESS\Actor_18\03-01-06-02-01-02-18.wav,03-01-06-02-01-02-18.wav,18,06,fearful,16000,1,4.170875,133546,b506ee29dee6aa10edced91f6b453858,development
..\data\raw\RAVDESS\Actor_18\03-01-06-02-02-01-18.wav,03-01-06-02-02-01-18.wav,18,06,fearful,16000,1,3.8038125,121800,a3c6cec13346e05b9b7f7c63bd97adb5,development
..\data\raw\RAVDESS\Actor_18\03-01-06-02-02-02-18.wav,03-01-06-02-02-02-18.wav,18,06,fearful,16000,1,3.8038125,121800,e79e091f71f1002be824fcf4422e8e8f,development
..\data\raw\RAVDESS\Actor_18\03-01-07-01-01-01-18.wav,03-01-07-01-01-01-18.wav,18,07,disgust,16000,1,4.3043125,137816,3944ebdb7cfcafda08028f27e8b521c7,development
..\data\raw\RAVDESS\Actor_18\03-01-07-01-01-02-18.wav,03-01-07-01-01-02-18.wav,18,07,disgust,16000,1,4.07075,130342,a6ca8cc302ed66dca6858c3882f80de5,development
..\data\raw\RAVDESS\Actor_18\03-01-07-01-02-01-18.wav,03-01-07-01-02-01-18.wav,18,07,disgust,16000,1,3.670375,117530,183780c6d3be0ddffb433a32209ea4d3,development
..\data\raw\RAVDESS\Actor_18\03-01-07-01-02-02-18.wav,03-01-07-01-02-02-18.wav,18,07,disgust,16000,1,4.3710625,139952,3e16467bf94e2f3cb3f1261c009df5a0,development
..\data\raw\RAVDESS\Actor_18\03-01-07-02-01-01-18.wav,03-01-07-02-01-01-18.wav,18,07,disgust,16000,1,4.7714375,152764,8c88c03faa88a77c485ca27a0ae75fc9,development
..\data\raw\RAVDESS\Actor_18\03-01-07-02-01-02-18.wav,03-01-07-02-01-02-18.wav,18,07,disgust,16000,1,4.4711875,143156,818a2f8691ca5ff0d5d6cc54eefee1e0,development
..\data\raw\RAVDESS\Actor_18\03-01-07-02-02-01-18.wav,03-01-07-02-02-01-18.wav,18,07,disgust,16000,1,4.638,148494,56d101221e6b297e3b2a3d4916bb0af6,development
..\data\raw\RAVDESS\Actor_18\03-01-07-02-02-02-18.wav,03-01-07-02-02-02-18.wav,18,07,disgust,16000,1,4.57125,146358,0b39f4c963bfe8d9fda1ccff14186e1d,development
..\data\raw\RAVDESS\Actor_18\03-01-08-01-01-01-18.wav,03-01-08-01-01-01-18.wav,18,08,surprised,16000,1,3.3700625,107920,a67365fe7847c967fe0a64e388c110c5,development
..\data\raw\RAVDESS\Actor_18\03-01-08-01-01-02-18.wav,03-01-08-01-01-02-18.wav,18,08,surprised,16000,1,3.5035,112190,ccf93f28c6deec4ed7d096246f741b15,development
..\data\raw\RAVDESS\Actor_18\03-01-08-01-02-01-18.wav,03-01-08-01-02-01-18.wav,18,08,surprised,16000,1,3.5035,112190,6ab8471a273f38779816a17c708c3c22,development
..\data\raw\RAVDESS\Actor_18\03-01-08-01-02-02-18.wav,03-01-08-01-02-02-18.wav,18,08,surprised,16000,1,3.5035,112190,9bd6b7d0d70ab47010a25f78a6fd05d5,development
..\data\raw\RAVDESS\Actor_18\03-01-08-02-01-01-18.wav,03-01-08-02-01-01-18.wav,18,08,surprised,16000,1,3.637,116462,3f56ef921dec9042f78fee054c175d6d,development
..\data\raw\RAVDESS\Actor_18\03-01-08-02-01-02-18.wav,03-01-08-02-01-02-18.wav,18,08,surprised,16000,1,3.536875,113258,d27f8c90925683d006e6f7b4caf3e599,development
..\data\raw\RAVDESS\Actor_18\03-01-08-02-02-01-18.wav,03-01-08-02-02-01-18.wav,18,08,surprised,16000,1,3.8705625,123936,e3d2a2f1e20bf7a19aeafe7ecbba6942,development
..\data\raw\RAVDESS\Actor_18\03-01-08-02-02-02-18.wav,03-01-08-02-02-02-18.wav,18,08,surprised,16000,1,3.637,116462,986c923f448bdff6d2eaf868851d0a93,development
..\data\raw\RAVDESS\Actor_19\03-01-01-01-01-01-19.wav,03-01-01-01-01-01-19.wav,19,01,neutral,16000,1,3.3700625,107920,32b55a9a1f46a9a40d712e4a13e6d36e,development
..\data\raw\RAVDESS\Actor_19\03-01-01-01-01-02-19.wav,03-01-01-01-01-02-19.wav,19,01,neutral,16000,1,3.2365625,103648,165a5797c695722ea8d2cab421dcc6f3,development
..\data\raw\RAVDESS\Actor_19\03-01-01-01-02-01-19.wav,03-01-01-01-02-01-19.wav,19,01,neutral,16000,1,3.3366875,106852,931c7d7c2a94b4cdaeb32ce897d76dfb,development
..\data\raw\RAVDESS\Actor_19\03-01-01-01-02-02-19.wav,03-01-01-01-02-02-19.wav,19,01,neutral,16000,1,3.3033125,105784,0b1e0068473a617c96c04451e1578580,development
..\data\raw\RAVDESS\Actor_19\03-01-02-01-01-01-19.wav,03-01-02-01-01-01-19.wav,19,02,calm,16000,1,3.670375,117530,91f829d325fe9d8430cfc12eff37573d,development
..\data\raw\RAVDESS\Actor_19\03-01-02-01-01-02-19.wav,03-01-02-01-01-02-19.wav,19,02,calm,16000,1,3.670375,117530,d98bdb2bf5e7229f735a612f54955bcf,development
..\data\raw\RAVDESS\Actor_19\03-01-02-01-02-01-19.wav,03-01-02-01-02-01-19.wav,19,02,calm,16000,1,3.3366875,106852,91049c36a3a305e44846eb1a1592c845,development
..\data\raw\RAVDESS\Actor_19\03-01-02-01-02-02-19.wav,03-01-02-01-02-02-19.wav,19,02,calm,16000,1,3.470125,111122,ac52de84d9012f210deb2c3448036393,development
..\data\raw\RAVDESS\Actor_19\03-01-02-02-01-01-19.wav,03-01-02-02-01-01-19.wav,19,02,calm,16000,1,4.4711875,143156,87c0d6e7785cd4c5bd544bd0600422a6,development
..\data\raw\RAVDESS\Actor_19\03-01-02-02-01-02-19.wav,03-01-02-02-01-02-19.wav,19,02,calm,16000,1,4.037375,129274,b5bea5f0ae27dcf69e53d56f3d3b13b4,development
..\data\raw\RAVDESS\Actor_19\03-01-02-02-02-01-19.wav,03-01-02-02-02-01-19.wav,19,02,calm,16000,1,4.604625,147426,f644efb4ab11879f6393f33d1766d002,development
..\data\raw\RAVDESS\Actor_19\03-01-02-02-02-02-19.wav,03-01-02-02-02-02-19.wav,19,02,calm,16000,1,4.3043125,137816,99f551d2631225ee2ea7ade7dc1c15b5,development
..\data\raw\RAVDESS\Actor_19\03-01-03-01-01-01-19.wav,03-01-03-01-01-01-19.wav,19,03,happy,16000,1,3.637,116462,4798c1d89eb50bdc5ba3d49c7719e6a5,development
..\data\raw\RAVDESS\Actor_19\03-01-03-01-01-02-19.wav,03-01-03-01-01-02-19.wav,19,03,happy,16000,1,3.70375,118598,28e40c3571d466bfa6c9dedaf207d670,development
..\data\raw\RAVDESS\Actor_19\03-01-03-01-02-01-19.wav,03-01-03-01-02-01-19.wav,19,03,happy,16000,1,3.2699375,104716,ea7688928fdbd5a8a5c108cc1160aaeb,development
..\data\raw\RAVDESS\Actor_19\03-01-03-01-02-02-19.wav,03-01-03-01-02-02-19.wav,19,03,happy,16000,1,3.3033125,105784,fa9b94755fbd8b9f5cfbdff3351d6afc,development
..\data\raw\RAVDESS\Actor_19\03-01-03-02-01-01-19.wav,03-01-03-02-01-01-19.wav,19,03,happy,16000,1,3.7704375,120732,4a763291c283ee5bb4cf3a7367f911b9,development
..\data\raw\RAVDESS\Actor_19\03-01-03-02-01-02-19.wav,03-01-03-02-01-02-19.wav,19,03,happy,16000,1,3.8038125,121800,00607017a91966ae3ccf0b3755f65daf,development
..\data\raw\RAVDESS\Actor_19\03-01-03-02-02-01-19.wav,03-01-03-02-02-01-19.wav,19,03,happy,16000,1,4.4044375,141020,3ef6166062e3f7339ff4707043c5182a,development
..\data\raw\RAVDESS\Actor_19\03-01-03-02-02-02-19.wav,03-01-03-02-02-02-19.wav,19,03,happy,16000,1,4.004,128206,6d8f8002745c0608f3e07a54e6cb372e,development
..\data\raw\RAVDESS\Actor_19\03-01-04-01-01-01-19.wav,03-01-04-01-01-01-19.wav,19,04,sad,16000,1,3.4368125,110056,b490de45896d4476d8360737d1d0ee5d,development
..\data\raw\RAVDESS\Actor_19\03-01-04-01-01-02-19.wav,03-01-04-01-01-02-19.wav,19,04,sad,16000,1,3.670375,117530,952220604cab1f7c7994474858b09fcb,development
..\data\raw\RAVDESS\Actor_19\03-01-04-01-02-01-19.wav,03-01-04-01-02-01-19.wav,19,04,sad,16000,1,3.169875,101514,b017392e40e7e931a86f1a6f308c1570,development
..\data\raw\RAVDESS\Actor_19\03-01-04-01-02-02-19.wav,03-01-04-01-02-02-19.wav,19,04,sad,16000,1,3.670375,117530,26f33bbdbf4ec2fc420e60d11c7c5617,development
..\data\raw\RAVDESS\Actor_19\03-01-04-02-01-01-19.wav,03-01-04-02-01-01-19.wav,19,04,sad,16000,1,4.004,128206,b2e1bba4bafbe4d4f03e2bbae336a63c,development
..\data\raw\RAVDESS\Actor_19\03-01-04-02-01-02-19.wav,03-01-04-02-01-02-19.wav,19,04,sad,16000,1,3.70375,118598,ce49720b9889df7ab02d56133aacffe5,development
..\data\raw\RAVDESS\Actor_19\03-01-04-02-02-01-19.wav,03-01-04-02-02-01-19.wav,19,04,sad,16000,1,3.4034375,108988,d77d7efa6b95fb4cdaaa644db2daf048,development
..\data\raw\RAVDESS\Actor_19\03-01-04-02-02-02-19.wav,03-01-04-02-02-02-19.wav,19,04,sad,16000,1,3.737125,119666,0ec6680d10c5febe2587b1a65edc768b,development
..\data\raw\RAVDESS\Actor_19\03-01-05-01-01-01-19.wav,03-01-05-01-01-01-19.wav,19,05,angry,16000,1,3.7704375,120732,5b8e1901b18186a2f70a972e0b62b301,development
..\data\raw\RAVDESS\Actor_19\03-01-05-01-01-02-19.wav,03-01-05-01-01-02-19.wav,19,05,angry,16000,1,3.70375,118598,221fa09fe480ca54ecfff0288af8d748,development
..\data\raw\RAVDESS\Actor_19\03-01-05-01-02-01-19.wav,03-01-05-01-02-01-19.wav,19,05,angry,16000,1,3.3033125,105784,7d4a19afb003be7e7613adae0482d80b,development
..\data\raw\RAVDESS\Actor_19\03-01-05-01-02-02-19.wav,03-01-05-01-02-02-19.wav,19,05,angry,16000,1,3.57025,114326,e3edc96bce611ebe3ee920a24c2e2bdd,development
..\data\raw\RAVDESS\Actor_19\03-01-05-02-01-01-19.wav,03-01-05-02-01-01-19.wav,19,05,angry,16000,1,3.9706875,127140,ba34a26c8542ea285de9a056e135a35e,development
..\data\raw\RAVDESS\Actor_19\03-01-05-02-01-02-19.wav,03-01-05-02-01-02-19.wav,19,05,angry,16000,1,4.8048125,153832,d7b4e9991be313e51ad4dfbb7f5e758a,development
..\data\raw\RAVDESS\Actor_19\03-01-05-02-02-01-19.wav,03-01-05-02-02-01-19.wav,19,05,angry,16000,1,4.3376875,138884,3c4ca5556e851ad71d7f53bc58b4066b,development
..\data\raw\RAVDESS\Actor_19\03-01-05-02-02-02-19.wav,03-01-05-02-02-02-19.wav,19,05,angry,16000,1,4.104125,131410,033da565116d75c2aa404e909af58d6a,development
..\data\raw\RAVDESS\Actor_19\03-01-06-01-01-01-19.wav,03-01-06-01-01-01-19.wav,19,06,fearful,16000,1,3.7036875,118596,d47560e08348f4e37cc49bde727571b6,development
..\data\raw\RAVDESS\Actor_19\03-01-06-01-01-02-19.wav,03-01-06-01-01-02-19.wav,19,06,fearful,16000,1,3.5035,112190,f9139de0970c62bd99b500991514209e,development
..\data\raw\RAVDESS\Actor_19\03-01-06-01-02-01-19.wav,03-01-06-01-02-01-19.wav,19,06,fearful,16000,1,3.7704375,120732,3326fbacb70ae9094bf3ff07a4532422,development
..\data\raw\RAVDESS\Actor_19\03-01-06-01-02-02-19.wav,03-01-06-01-02-02-19.wav,19,06,fearful,16000,1,3.536875,113258,19fd28d9ac2825e79fc35a1e3aa97f8b,development
..\data\raw\RAVDESS\Actor_19\03-01-06-02-01-01-19.wav,03-01-06-02-01-01-19.wav,19,06,fearful,16000,1,3.8371875,122868,c44437b58de422d82cd50358159afcb8,development
..\data\raw\RAVDESS\Actor_19\03-01-06-02-01-02-19.wav,03-01-06-02-01-02-19.wav,19,06,fearful,16000,1,4.3710625,139952,f56e64c6db4fe70f1f1143abbb13bed7,development
..\data\raw\RAVDESS\Actor_19\03-01-06-02-02-01-19.wav,03-01-06-02-02-01-19.wav,19,06,fearful,16000,1,3.57025,114326,89e28adfaf31d181b6bcde9b009aa160,development
..\data\raw\RAVDESS\Actor_19\03-01-06-02-02-02-19.wav,03-01-06-02-02-02-19.wav,19,06,fearful,16000,1,4.037375,129274,c732bde566c810b63ab70f9ee2c6c448,development
..\data\raw\RAVDESS\Actor_19\03-01-07-01-01-01-19.wav,03-01-07-01-01-01-19.wav,19,07,disgust,16000,1,4.3043125,137816,7ccbc7480f35d17655b8825995afbf99,development
..\data\raw\RAVDESS\Actor_19\03-01-07-01-01-02-19.wav,03-01-07-01-01-02-19.wav,19,07,disgust,16000,1,4.8381875,154900,e4a3c1191bb406658570187e8dc66f06,development
..\data\raw\RAVDESS\Actor_19\03-01-07-01-02-01-19.wav,03-01-07-01-02-01-19.wav,19,07,disgust,16000,1,4.170875,133546,e472e3679ce769d59e06ea102c660243,development
..\data\raw\RAVDESS\Actor_19\03-01-07-01-02-02-19.wav,03-01-07-01-02-02-19.wav,19,07,disgust,16000,1,3.9373125,126072,8f6a3f8a8dc3c7cde6f2ae397b53cda8,development
..\data\raw\RAVDESS\Actor_19\03-01-07-02-01-01-19.wav,03-01-07-02-01-01-19.wav,19,07,disgust,16000,1,4.8048125,153832,6f956f4176007e2ac7b79867e3de175c,development
..\data\raw\RAVDESS\Actor_19\03-01-07-02-01-02-19.wav,03-01-07-02-01-02-19.wav,19,07,disgust,16000,1,5.2719375,168780,e77d4970ab66322e84ff583950959698,development
..\data\raw\RAVDESS\Actor_19\03-01-07-02-02-01-19.wav,03-01-07-02-02-01-19.wav,19,07,disgust,16000,1,4.9049375,157036,e81bc15203f8252eb4470c1c110d6233,development
..\data\raw\RAVDESS\Actor_19\03-01-07-02-02-02-19.wav,03-01-07-02-02-02-19.wav,19,07,disgust,16000,1,4.9383125,158104,0c3fc1b57b688f58964f489a27648c12,development
..\data\raw\RAVDESS\Actor_19\03-01-08-01-01-01-19.wav,03-01-08-01-01-01-19.wav,19,08,surprised,16000,1,3.7370625,119664,b983f351a569f976c41df095724a6184,development
..\data\raw\RAVDESS\Actor_19\03-01-08-01-01-02-19.wav,03-01-08-01-01-02-19.wav,19,08,surprised,16000,1,3.536875,113258,b0124ddb4b2f3be5cdf31c2a88f27b38,development
..\data\raw\RAVDESS\Actor_19\03-01-08-01-02-01-19.wav,03-01-08-01-02-01-19.wav,19,08,surprised,16000,1,4.104125,131410,214e7227981378c87fac2579db88b5b7,development
..\data\raw\RAVDESS\Actor_19\03-01-08-01-02-02-19.wav,03-01-08-01-02-02-19.wav,19,08,surprised,16000,1,3.06975,98310,313cc539935b4f0f3c24a2ba0493388e,development
..\data\raw\RAVDESS\Actor_19\03-01-08-02-01-01-19.wav,03-01-08-02-01-01-19.wav,19,08,surprised,16000,1,4.104125,131410,40362beb268e4a1db63704344fcf54f2,development
..\data\raw\RAVDESS\Actor_19\03-01-08-02-01-02-19.wav,03-01-08-02-01-02-19.wav,19,08,surprised,16000,1,4.638,148494,3737f8c7c921d6bd70abcb8cd6fceba2,development
..\data\raw\RAVDESS\Actor_19\03-01-08-02-02-01-19.wav,03-01-08-02-02-01-19.wav,19,08,surprised,16000,1,3.236625,103650,f2cfacefa1c7b8d8844b4aa3f86d491f,development
..\data\raw\RAVDESS\Actor_19\03-01-08-02-02-02-19.wav,03-01-08-02-02-02-19.wav,19,08,surprised,16000,1,3.2699375,104716,3838843c4ebc2efc7b84404772022f6d,development
..\data\raw\RAVDESS\Actor_20\03-01-01-01-01-01-20.wav,03-01-01-01-01-01-20.wav,20,01,neutral,16000,1,3.470125,111122,c38c83d3a2a52ff0b7b4734316698486,development
..\data\raw\RAVDESS\Actor_20\03-01-01-01-01-02-20.wav,03-01-01-01-01-02-20.wav,20,01,neutral,16000,1,3.57025,114326,20db55a8601b67ce5dc4f31c10068a26,development
..\data\raw\RAVDESS\Actor_20\03-01-01-01-02-01-20.wav,03-01-01-01-02-01-20.wav,20,01,neutral,16000,1,3.4368125,110056,b60b5520644dada04e0132f1fa2ad1c5,development
..\data\raw\RAVDESS\Actor_20\03-01-01-01-02-02-20.wav,03-01-01-01-02-02-20.wav,20,01,neutral,16000,1,3.536875,113258,e79d7ab6a9de73c5002a0c9ad62f1eec,development
..\data\raw\RAVDESS\Actor_20\03-01-02-01-01-01-20.wav,03-01-02-01-01-01-20.wav,20,02,calm,16000,1,3.637,116462,bc2916c004590426b471d32dc92a0096,development
..\data\raw\RAVDESS\Actor_20\03-01-02-01-01-02-20.wav,03-01-02-01-01-02-20.wav,20,02,calm,16000,1,3.57025,114326,e4d0c9db124326b984dfee4dd1cc7ce8,development
..\data\raw\RAVDESS\Actor_20\03-01-02-01-02-01-20.wav,03-01-02-01-02-01-20.wav,20,02,calm,16000,1,3.3366875,106852,559778e912c7e79a7de6379d4fa0344d,development
..\data\raw\RAVDESS\Actor_20\03-01-02-01-02-02-20.wav,03-01-02-01-02-02-20.wav,20,02,calm,16000,1,3.5035,112190,04002cb4df0d36fb30a23d692cb7a3bd,development
..\data\raw\RAVDESS\Actor_20\03-01-02-02-01-01-20.wav,03-01-02-02-01-01-20.wav,20,02,calm,16000,1,3.8705625,123936,9fdca6cebda7f1172130b07c00120213,development
..\data\raw\RAVDESS\Actor_20\03-01-02-02-01-02-20.wav,03-01-02-02-01-02-20.wav,20,02,calm,16000,1,4.07075,130342,a0e993c88cf570bddd1f64ff55177f82,development
..\data\raw\RAVDESS\Actor_20\03-01-02-02-02-01-20.wav,03-01-02-02-02-01-20.wav,20,02,calm,16000,1,3.637,116462,85e985e675457698545d62c71ebba828,development
..\data\raw\RAVDESS\Actor_20\03-01-02-02-02-02-20.wav,03-01-02-02-02-02-20.wav,20,02,calm,16000,1,3.637,116462,08f5c4783462be7395f261c2e22c3b40,development
..\data\raw\RAVDESS\Actor_20\03-01-03-01-01-01-20.wav,03-01-03-01-01-01-20.wav,20,03,happy,16000,1,3.536875,113258,a00e003fc60266cb0474fb698cd0fbcb,development
..\data\raw\RAVDESS\Actor_20\03-01-03-01-01-02-20.wav,03-01-03-01-01-02-20.wav,20,03,happy,16000,1,3.7036875,118596,97e280827fe3084a98a299120cde2d6a,development
..\data\raw\RAVDESS\Actor_20\03-01-03-01-02-01-20.wav,03-01-03-01-02-01-20.wav,20,03,happy,16000,1,3.470125,111122,ca8990b2adbb1aff1c30ac055f7d5a37,development
..\data\raw\RAVDESS\Actor_20\03-01-03-01-02-02-20.wav,03-01-03-01-02-02-20.wav,20,03,happy,16000,1,3.4034375,108988,18fa03768f5e91bc8456bd9771f33b22,development
..\data\raw\RAVDESS\Actor_20\03-01-03-02-01-01-20.wav,03-01-03-02-01-01-20.wav,20,03,happy,16000,1,3.670375,117530,ec5f9f8606d6812c007104c769871135,development
..\data\raw\RAVDESS\Actor_20\03-01-03-02-01-02-20.wav,03-01-03-02-01-02-20.wav,20,03,happy,16000,1,4.3043125,137816,dbb88468ebdd222052803d4a24fddbad,development
..\data\raw\RAVDESS\Actor_20\03-01-03-02-02-01-20.wav,03-01-03-02-02-01-20.wav,20,03,happy,16000,1,3.57025,114326,500aa57d2b76126bf7d398fea1a76fbf,development
..\data\raw\RAVDESS\Actor_20\03-01-03-02-02-02-20.wav,03-01-03-02-02-02-20.wav,20,03,happy,16000,1,3.70375,118598,3f087a00f845227c822c12dc5419f8c0,development
..\data\raw\RAVDESS\Actor_20\03-01-04-01-01-01-20.wav,03-01-04-01-01-01-20.wav,20,04,sad,16000,1,3.603625,115394,783fe76831afb5e9b0168847cf2d823d,development
..\data\raw\RAVDESS\Actor_20\03-01-04-01-01-02-20.wav,03-01-04-01-01-02-20.wav,20,04,sad,16000,1,3.5035,112190,e7dde9bbf08c86ddc05342c58cd54b9e,development
..\data\raw\RAVDESS\Actor_20\03-01-04-01-02-01-20.wav,03-01-04-01-02-01-20.wav,20,04,sad,16000,1,3.470125,111122,ef9f5525ed370c4770550bb3e259b194,development
..\data\raw\RAVDESS\Actor_20\03-01-04-01-02-02-20.wav,03-01-04-01-02-02-20.wav,20,04,sad,16000,1,3.3700625,107920,d9ea2c91ed3adb5b313cae84d8b5ec6b,development
..\data\raw\RAVDESS\Actor_20\03-01-04-02-01-01-20.wav,03-01-04-02-01-01-20.wav,20,04,sad,16000,1,3.7704375,120732,83cc1981826df8326201dc1a89787e8c,development
..\data\raw\RAVDESS\Actor_20\03-01-04-02-01-02-20.wav,03-01-04-02-01-02-20.wav,20,04,sad,16000,1,4.2375625,135680,c3b9cfecd0213e2441cb7e57b09ca862,development
..\data\raw\RAVDESS\Actor_20\03-01-04-02-02-01-20.wav,03-01-04-02-02-01-20.wav,20,04,sad,16000,1,3.8038125,121800,0f47d23d68accddaf0c4af7f42e4f368,development
..\data\raw\RAVDESS\Actor_20\03-01-04-02-02-02-20.wav,03-01-04-02-02-02-20.wav,20,04,sad,16000,1,3.970625,127138,af60e0645a8793d0e52b1468d08bbad8,development
..\data\raw\RAVDESS\Actor_20\03-01-05-01-01-01-20.wav,03-01-05-01-01-01-20.wav,20,05,angry,16000,1,3.236625,103650,c86877d40f9cd7fac493f20695c061de,development
..\data\raw\RAVDESS\Actor_20\03-01-05-01-01-02-20.wav,03-01-05-01-01-02-20.wav,20,05,angry,16000,1,3.7370625,119664,4cf881ea748ecfde98383f42d65317f2,development
..\data\raw\RAVDESS\Actor_20\03-01-05-01-02-01-20.wav,03-01-05-01-02-01-20.wav,20,05,angry,16000,1,3.670375,117530,b2acd1ff52e9c923baeff5116880dd66,development
..\data\raw\RAVDESS\Actor_20\03-01-05-01-02-02-20.wav,03-01-05-01-02-02-20.wav,20,05,angry,16000,1,3.8038125,121800,c6afef56b5fcedf4166fd4d81e0b93e5,development
..\data\raw\RAVDESS\Actor_20\03-01-05-02-01-01-20.wav,03-01-05-02-01-01-20.wav,20,05,angry,16000,1,4.1375,132478,ece1f950c1792ae32e3e9a5e6e6e9c01,development
..\data\raw\RAVDESS\Actor_20\03-01-05-02-01-02-20.wav,03-01-05-02-01-02-20.wav,20,05,angry,16000,1,4.07075,130342,31065771fa1fc349f02123aeb7bd5018,development
..\data\raw\RAVDESS\Actor_20\03-01-05-02-02-01-20.wav,03-01-05-02-02-01-20.wav,20,05,angry,16000,1,4.4044375,141020,b03daefbd439f3558e9e4c1a158afccb,development
..\data\raw\RAVDESS\Actor_20\03-01-05-02-02-02-20.wav,03-01-05-02-02-02-20.wav,20,05,angry,16000,1,3.536875,113258,c5475c96dcee47c17a83590fe9a1ad7d,development
..\data\raw\RAVDESS\Actor_20\03-01-06-01-01-01-20.wav,03-01-06-01-01-01-20.wav,20,06,fearful,16000,1,3.8038125,121800,98b7a3ddbf0ed52b6a039fb4b4239a8c,development
..\data\raw\RAVDESS\Actor_20\03-01-06-01-01-02-20.wav,03-01-06-01-01-02-20.wav,20,06,fearful,16000,1,4.3710625,139952,2c0896e4d0e3b7b63131af602ea20ad1,development
..\data\raw\RAVDESS\Actor_20\03-01-06-01-02-01-20.wav,03-01-06-01-02-01-20.wav,20,06,fearful,16000,1,3.9373125,126072,4450621737c5c3fc645d163e16ca674c,development
..\data\raw\RAVDESS\Actor_20\03-01-06-01-02-02-20.wav,03-01-06-01-02-02-20.wav,20,06,fearful,16000,1,3.3033125,105784,4d3641a2007afa394006af2ed87625db,development
..\data\raw\RAVDESS\Actor_20\03-01-06-02-01-01-20.wav,03-01-06-02-01-01-20.wav,20,06,fearful,16000,1,4.2375625,135680,8384823734a161f8cb934a1cab0190ee,development
..\data\raw\RAVDESS\Actor_20\03-01-06-02-01-02-20.wav,03-01-06-02-01-02-20.wav,20,06,fearful,16000,1,4.170875,133546,00e1fead516257a570f0d3aae3545a12,development
..\data\raw\RAVDESS\Actor_20\03-01-06-02-02-01-20.wav,03-01-06-02-02-01-20.wav,20,06,fearful,16000,1,3.8705625,123936,1b73d79ba823889a2c3da50fd92978e6,development
..\data\raw\RAVDESS\Actor_20\03-01-06-02-02-02-20.wav,03-01-06-02-02-02-20.wav,20,06,fearful,16000,1,3.9039375,125004,ae551e452f9a42aaa80b6f89c1238012,development
..\data\raw\RAVDESS\Actor_20\03-01-07-01-01-01-20.wav,03-01-07-01-01-01-20.wav,20,07,disgust,16000,1,3.8705625,123936,ee604545a3251c480368c706330d0e19,development
..\data\raw\RAVDESS\Actor_20\03-01-07-01-01-02-20.wav,03-01-07-01-01-02-20.wav,20,07,disgust,16000,1,3.7370625,119664,3571659462ab231bba3589a62b8cbf9e,development
..\data\raw\RAVDESS\Actor_20\03-01-07-01-02-01-20.wav,03-01-07-01-02-01-20.wav,20,07,disgust,16000,1,3.637,116462,8a75ce17460e0e34e66069f3f41b61cc,development
..\data\raw\RAVDESS\Actor_20\03-01-07-01-02-02-20.wav,03-01-07-01-02-02-20.wav,20,07,disgust,16000,1,3.8371875,122868,227eb7442b6f34fe6ae372e0bd741daa,development
..\data\raw\RAVDESS\Actor_20\03-01-07-02-01-01-20.wav,03-01-07-02-01-01-20.wav,20,07,disgust,16000,1,4.104125,131410,d19b9af90ef50bd6d70636aff31ae7c7,development
..\data\raw\RAVDESS\Actor_20\03-01-07-02-01-02-20.wav,03-01-07-02-01-02-20.wav,20,07,disgust,16000,1,4.104125,131410,d120c28f6a3a0b2e28d114cd942493d1,development
..\data\raw\RAVDESS\Actor_20\03-01-07-02-02-01-20.wav,03-01-07-02-02-01-20.wav,20,07,disgust,16000,1,4.7380625,151696,bf6a565622deb67567851442d3490549,development
..\data\raw\RAVDESS\Actor_20\03-01-07-02-02-02-20.wav,03-01-07-02-02-02-20.wav,20,07,disgust,16000,1,3.8705625,123936,1399c36be575acf9781be4af946f0924,development
..\data\raw\RAVDESS\Actor_20\03-01-08-01-01-01-20.wav,03-01-08-01-01-01-20.wav,20,08,surprised,16000,1,3.236625,103650,bbb4da68637d911c08b8586d09e19b06,development
..\data\raw\RAVDESS\Actor_20\03-01-08-01-01-02-20.wav,03-01-08-01-01-02-20.wav,20,08,surprised,16000,1,3.57025,114326,c46d55481681628fc920f3cab4f14267,development
..\data\raw\RAVDESS\Actor_20\03-01-08-01-02-01-20.wav,03-01-08-01-02-01-20.wav,20,08,surprised,16000,1,3.1365,100446,d0c0e1568a19df16daf82ffcd3ba2643,development
..\data\raw\RAVDESS\Actor_20\03-01-08-01-02-02-20.wav,03-01-08-01-02-02-20.wav,20,08,surprised,16000,1,3.2031875,102580,403d0fb56adc68e8ee5f6c57a9327ce3,development
..\data\raw\RAVDESS\Actor_20\03-01-08-02-01-01-20.wav,03-01-08-02-01-01-20.wav,20,08,surprised,16000,1,3.7370625,119664,b4a4bfacc13f54f8666646d6df3499f8,development
..\data\raw\RAVDESS\Actor_20\03-01-08-02-01-02-20.wav,03-01-08-02-01-02-20.wav,20,08,surprised,16000,1,3.236625,103650,cc48df9445c3d56eb842af59abd66b98,development
..\data\raw\RAVDESS\Actor_20\03-01-08-02-02-01-20.wav,03-01-08-02-02-01-20.wav,20,08,surprised,16000,1,3.536875,113258,5b3b47dcd0bf289101f8cdcd87305091,development
..\data\raw\RAVDESS\Actor_20\03-01-08-02-02-02-20.wav,03-01-08-02-02-02-20.wav,20,08,surprised,16000,1,3.4368125,110056,ce566ef8d5eba36f7717724c0299a482,development
..\data\raw\RAVDESS\Actor_21\03-01-01-01-01-01-21.wav,03-01-01-01-01-01-21.wav,21,01,neutral,16000,1,3.8371875,122868,9fcb233f43bafbdb9f9472272c813797,holdout
..\data\raw\RAVDESS\Actor_21\03-01-01-01-01-02-21.wav,03-01-01-01-01-02-21.wav,21,01,neutral,16000,1,3.970625,127138,73d63e83802e2b989eb7e4c8e8416d55,holdout
..\data\raw\RAVDESS\Actor_21\03-01-01-01-02-01-21.wav,03-01-01-01-02-01-21.wav,21,01,neutral,16000,1,3.603625,115394,98ec82c41e6e4933478cb2f2b7a09a3d,holdout
..\data\raw\RAVDESS\Actor_21\03-01-01-01-02-02-21.wav,03-01-01-01-02-02-21.wav,21,01,neutral,16000,1,3.670375,117530,18402aba37e34fd195775482bb1b0a55,holdout
..\data\raw\RAVDESS\Actor_21\03-01-02-01-01-01-21.wav,03-01-02-01-01-01-21.wav,21,02,calm,16000,1,4.037375,129274,47e0ae7a453bad6627ea1a4e4b4939ed,holdout
..\data\raw\RAVDESS\Actor_21\03-01-02-01-01-02-21.wav,03-01-02-01-01-02-21.wav,21,02,calm,16000,1,4.004,128206,6a771a64fe75d741fc5a36ab83c8911b,holdout
..\data\raw\RAVDESS\Actor_21\03-01-02-01-02-01-21.wav,03-01-02-01-02-01-21.wav,21,02,calm,16000,1,3.8038125,121800,a8288e1679ad4e3e19a22b28552d625d,holdout
..\data\raw\RAVDESS\Actor_21\03-01-02-01-02-02-21.wav,03-01-02-01-02-02-21.wav,21,02,calm,16000,1,4.07075,130342,a567757946abb298ec21b538dd5dea03,holdout
..\data\raw\RAVDESS\Actor_21\03-01-02-02-01-01-21.wav,03-01-02-02-01-01-21.wav,21,02,calm,16000,1,4.004,128206,cbba2be7f12f7b58ff2cafbea9e57791,holdout
..\data\raw\RAVDESS\Actor_21\03-01-02-02-01-02-21.wav,03-01-02-02-01-02-21.wav,21,02,calm,16000,1,4.170875,133546,7e4596a0e50addf47a7856873f4ac398,holdout
..\data\raw\RAVDESS\Actor_21\03-01-02-02-02-01-21.wav,03-01-02-02-02-01-21.wav,21,02,calm,16000,1,4.1375,132478,0b3131b9278089cc7e817390aaa10cbb,holdout
..\data\raw\RAVDESS\Actor_21\03-01-02-02-02-02-21.wav,03-01-02-02-02-02-21.wav,21,02,calm,16000,1,3.970625,127138,fa30c69bd98fc7f1987bf297e8038101,holdout
..\data\raw\RAVDESS\Actor_21\03-01-03-01-01-01-21.wav,03-01-03-01-01-01-21.wav,21,03,happy,16000,1,3.8371875,122868,f362614b0047da70509c6520a93a4161,holdout
..\data\raw\RAVDESS\Actor_21\03-01-03-01-01-02-21.wav,03-01-03-01-01-02-21.wav,21,03,happy,16000,1,3.8038125,121800,83d5ceb0b832d310419c76d12dae0b51,holdout
..\data\raw\RAVDESS\Actor_21\03-01-03-01-02-01-21.wav,03-01-03-01-02-01-21.wav,21,03,happy,16000,1,3.70375,118598,16df88ab7f39595f14727c265af4d437,holdout
..\data\raw\RAVDESS\Actor_21\03-01-03-01-02-02-21.wav,03-01-03-01-02-02-21.wav,21,03,happy,16000,1,3.8371875,122868,d12b1b55cd51e4a56feb31380603535f,holdout
..\data\raw\RAVDESS\Actor_21\03-01-03-02-01-01-21.wav,03-01-03-02-01-01-21.wav,21,03,happy,16000,1,3.8038125,121800,8f0389d2365f2c13bd2ffcaf477c3448,holdout
..\data\raw\RAVDESS\Actor_21\03-01-03-02-01-02-21.wav,03-01-03-02-01-02-21.wav,21,03,happy,16000,1,3.9373125,126072,da4c922cee5fdbc3b2693b57f5808b5f,holdout
..\data\raw\RAVDESS\Actor_21\03-01-03-02-02-01-21.wav,03-01-03-02-02-01-21.wav,21,03,happy,16000,1,3.670375,117530,ff99bcbd615c4c170f809cf44fcb9479,holdout
..\data\raw\RAVDESS\Actor_21\03-01-03-02-02-02-21.wav,03-01-03-02-02-02-21.wav,21,03,happy,16000,1,3.8038125,121800,38306e47dfab20f99b1b308ba87f4d55,holdout
..\data\raw\RAVDESS\Actor_21\03-01-04-01-01-01-21.wav,03-01-04-01-01-01-21.wav,21,04,sad,16000,1,4.3043125,137816,87e4608b09eca2a85c09af0db1a15c75,holdout
..\data\raw\RAVDESS\Actor_21\03-01-04-01-01-02-21.wav,03-01-04-01-01-02-21.wav,21,04,sad,16000,1,4.604625,147426,95e1485c91ab4a46452bc9e99439f986,holdout
..\data\raw\RAVDESS\Actor_21\03-01-04-01-02-01-21.wav,03-01-04-01-02-01-21.wav,21,04,sad,16000,1,4.07075,130342,bbc849b669c39eb808f3de4db42a5187,holdout
..\data\raw\RAVDESS\Actor_21\03-01-04-01-02-02-21.wav,03-01-04-01-02-02-21.wav,21,04,sad,16000,1,4.2041875,134612,f095f5d8766f40a51f0a32a551366c00,holdout
..\data\raw\RAVDESS\Actor_21\03-01-04-02-01-01-21.wav,03-01-04-02-01-01-21.wav,21,04,sad,16000,1,4.170875,133546,9fabf9728731c2871b4e131be7d7f14b,holdout
..\data\raw\RAVDESS\Actor_21\03-01-04-02-01-02-21.wav,03-01-04-02-01-02-21.wav,21,04,sad,16000,1,4.2709375,136748,281f68728449aaf720740b52caf8d011,holdout
..\data\raw\RAVDESS\Actor_21\03-01-04-02-02-01-21.wav,03-01-04-02-02-01-21.wav,21,04,sad,16000,1,4.2709375,136748,04f623e2e06a6f9d2e8ab4998e9e318c,holdout
..\data\raw\RAVDESS\Actor_21\03-01-04-02-02-02-21.wav,03-01-04-02-02-02-21.wav,21,04,sad,16000,1,4.1375,132478,964e30d62c6dcc7c482f046370e1563c,holdout
..\data\raw\RAVDESS\Actor_21\03-01-05-01-01-01-21.wav,03-01-05-01-01-01-21.wav,21,05,angry,16000,1,4.1375,132478,8f04be8fc5a387a185062d9a74beaba5,holdout
..\data\raw\RAVDESS\Actor_21\03-01-05-01-01-02-21.wav,03-01-05-01-01-02-21.wav,21,05,angry,16000,1,4.004,128206,5cdf31a4cfdd75c8ecb52a31bdb6d836,holdout
..\data\raw\RAVDESS\Actor_21\03-01-05-01-02-01-21.wav,03-01-05-01-02-01-21.wav,21,05,angry,16000,1,4.07075,130342,21a08849ef9a6fc41810e6bc2bbe839f,holdout
..\data\raw\RAVDESS\Actor_21\03-01-05-01-02-02-21.wav,03-01-05-01-02-02-21.wav,21,05,angry,16000,1,3.9373125,126072,ca7564dba48074749122e0f1b5222a00,holdout
..\data\raw\RAVDESS\Actor_21\03-01-05-02-01-01-21.wav,03-01-05-02-01-01-21.wav,21,05,angry,16000,1,4.3710625,139952,a6c789f2056ec5adab4939b6f1e94977,holdout
..\data\raw\RAVDESS\Actor_21\03-01-05-02-01-02-21.wav,03-01-05-02-01-02-21.wav,21,05,angry,16000,1,4.471125,143154,b64964858b3b98ce8e68f637ae4d8251,holdout
..\data\raw\RAVDESS\Actor_21\03-01-05-02-02-01-21.wav,03-01-05-02-02-01-21.wav,21,05,angry,16000,1,4.104125,131410,230a5317271efddc41d2b1b6040a28e3,holdout
..\data\raw\RAVDESS\Actor_21\03-01-05-02-02-02-21.wav,03-01-05-02-02-02-21.wav,21,05,angry,16000,1,4.2375625,135680,c79d77f31a4eb6a5f9948c251ce01723,holdout
..\data\raw\RAVDESS\Actor_21\03-01-06-01-01-01-21.wav,03-01-06-01-01-01-21.wav,21,06,fearful,16000,1,3.670375,117530,37486a375ccd4f25d0d92d42d703df48,holdout
..\data\raw\RAVDESS\Actor_21\03-01-06-01-01-02-21.wav,03-01-06-01-01-02-21.wav,21,06,fearful,16000,1,3.7704375,120732,1471ff24a9184fbf8911adbc59c52de5,holdout
..\data\raw\RAVDESS\Actor_21\03-01-06-01-02-01-21.wav,03-01-06-01-02-01-21.wav,21,06,fearful,16000,1,3.970625,127138,50baa6a80d5fa78f6fecd4c89bea942f,holdout
..\data\raw\RAVDESS\Actor_21\03-01-06-01-02-02-21.wav,03-01-06-01-02-02-21.wav,21,06,fearful,16000,1,4.07075,130342,70b3a6251a7271732393c58cbddaf568,holdout
..\data\raw\RAVDESS\Actor_21\03-01-06-02-01-01-21.wav,03-01-06-02-01-01-21.wav,21,06,fearful,16000,1,3.970625,127138,04088ad1d7ddd912bd4f8baa237a301b,holdout
..\data\raw\RAVDESS\Actor_21\03-01-06-02-01-02-21.wav,03-01-06-02-01-02-21.wav,21,06,fearful,16000,1,3.8371875,122868,621958e9ea4641041ff7af1afde8ccd0,holdout
..\data\raw\RAVDESS\Actor_21\03-01-06-02-02-01-21.wav,03-01-06-02-02-01-21.wav,21,06,fearful,16000,1,3.7704375,120732,dc68ad880b83236b2b071e653963a381,holdout
..\data\raw\RAVDESS\Actor_21\03-01-06-02-02-02-21.wav,03-01-06-02-02-02-21.wav,21,06,fearful,16000,1,3.637,116462,8650b8b131860991087945ff936e929e,holdout
..\data\raw\RAVDESS\Actor_21\03-01-07-01-01-01-21.wav,03-01-07-01-01-01-21.wav,21,07,disgust,16000,1,3.8038125,121800,f49e31e8b784762cd413f7fc1f05639f,holdout
..\data\raw\RAVDESS\Actor_21\03-01-07-01-01-02-21.wav,03-01-07-01-01-02-21.wav,21,07,disgust,16000,1,4.07075,130342,5f4ce850c06e9d21df253c1e34e165e8,holdout
..\data\raw\RAVDESS\Actor_21\03-01-07-01-02-01-21.wav,03-01-07-01-02-01-21.wav,21,07,disgust,16000,1,3.637,116462,0c50207e119ba9d7e5ad4556b1528f8a,holdout
..\data\raw\RAVDESS\Actor_21\03-01-07-01-02-02-21.wav,03-01-07-01-02-02-21.wav,21,07,disgust,16000,1,3.603625,115394,87a6f2c35b49505e8da79887fb3f7de0,holdout
..\data\raw\RAVDESS\Actor_21\03-01-07-02-01-01-21.wav,03-01-07-02-01-01-21.wav,21,07,disgust,16000,1,4.07075,130342,6daac6d512dffc27b3e669ca98c08455,holdout
..\data\raw\RAVDESS\Actor_21\03-01-07-02-01-02-21.wav,03-01-07-02-01-02-21.wav,21,07,disgust,16000,1,4.037375,129274,4515dcac2272138c2c486688d37a51f5,holdout
..\data\raw\RAVDESS\Actor_21\03-01-07-02-02-01-21.wav,03-01-07-02-02-01-21.wav,21,07,disgust,16000,1,4.170875,133546,7ec125d6d78c5db9d7c31bc00874e66c,holdout
..\data\raw\RAVDESS\Actor_21\03-01-07-02-02-02-21.wav,03-01-07-02-02-02-21.wav,21,07,disgust,16000,1,3.970625,127138,dafb935ac20755b74c84e8bddd0670c9,holdout
..\data\raw\RAVDESS\Actor_21\03-01-08-01-01-01-21.wav,03-01-08-01-01-01-21.wav,21,08,surprised,16000,1,3.5035,112190,8bcb3b48fa8f67eef6b63a653fb1fb27,holdout
..\data\raw\RAVDESS\Actor_21\03-01-08-01-01-02-21.wav,03-01-08-01-01-02-21.wav,21,08,surprised,16000,1,3.470125,111122,3ffd0bbc5467445a1762059388f83978,holdout
..\data\raw\RAVDESS\Actor_21\03-01-08-01-02-01-21.wav,03-01-08-01-02-01-21.wav,21,08,surprised,16000,1,3.4701875,111124,1c3897390853abdf2f55013fda9447d6,holdout
..\data\raw\RAVDESS\Actor_21\03-01-08-01-02-02-21.wav,03-01-08-01-02-02-21.wav,21,08,surprised,16000,1,3.57025,114326,67dd43583f9fa5dcd476b89a7a769f80,holdout
..\data\raw\RAVDESS\Actor_21\03-01-08-02-01-01-21.wav,03-01-08-02-01-01-21.wav,21,08,surprised,16000,1,3.637,116462,c1564ffa66a914e8b11af555eee6570e,holdout
..\data\raw\RAVDESS\Actor_21\03-01-08-02-01-02-21.wav,03-01-08-02-01-02-21.wav,21,08,surprised,16000,1,3.637,116462,35f26db43547bdc1cc8d0df2bfe82229,holdout
..\data\raw\RAVDESS\Actor_21\03-01-08-02-02-01-21.wav,03-01-08-02-02-01-21.wav,21,08,surprised,16000,1,3.4701875,111124,79af3d32b54457ee37c6d3abcf7d2235,holdout
..\data\raw\RAVDESS\Actor_21\03-01-08-02-02-02-21.wav,03-01-08-02-02-02-21.wav,21,08,surprised,16000,1,3.536875,113258,87eba9183de7fe224b5635e84e3940fb,holdout
..\data\raw\RAVDESS\Actor_22\03-01-01-01-01-01-22.wav,03-01-01-01-01-01-22.wav,22,01,neutral,16000,1,3.637,116462,bf3037dfa05837115d24205759d52b96,holdout
..\data\raw\RAVDESS\Actor_22\03-01-01-01-01-02-22.wav,03-01-01-01-01-02-22.wav,22,01,neutral,16000,1,3.4368125,110056,baff3dd3d8e2a9ca249d885ece0c6ee4,holdout
..\data\raw\RAVDESS\Actor_22\03-01-01-01-02-01-22.wav,03-01-01-01-02-01-22.wav,22,01,neutral,16000,1,3.603625,115394,32d7efad341f4dbea7981c8d5f99ece5,holdout
..\data\raw\RAVDESS\Actor_22\03-01-01-01-02-02-22.wav,03-01-01-01-02-02-22.wav,22,01,neutral,16000,1,3.536875,113258,1ec7ca50d5986f14246d10e6b4b9e2cb,holdout
..\data\raw\RAVDESS\Actor_22\03-01-02-01-01-01-22.wav,03-01-02-01-01-01-22.wav,22,02,calm,16000,1,3.536875,113258,bc4e2028f0a65599c46c7d12ec854096,holdout
..\data\raw\RAVDESS\Actor_22\03-01-02-01-01-02-22.wav,03-01-02-01-01-02-22.wav,22,02,calm,16000,1,3.57025,114326,9fced6919354f5f43e6dc9fbdcf99d72,holdout
..\data\raw\RAVDESS\Actor_22\03-01-02-01-02-01-22.wav,03-01-02-01-02-01-22.wav,22,02,calm,16000,1,3.57025,114326,9f1d0a423ae971baae4595990050d334,holdout
..\data\raw\RAVDESS\Actor_22\03-01-02-01-02-02-22.wav,03-01-02-01-02-02-22.wav,22,02,calm,16000,1,3.536875,113258,7bdbbb552948f58fea5abe24ed026621,holdout
..\data\raw\RAVDESS\Actor_22\03-01-02-02-01-01-22.wav,03-01-02-02-01-01-22.wav,22,02,calm,16000,1,3.70375,118598,6ba9a65eceb4fd8e8b0e4bfb91ba4733,holdout
..\data\raw\RAVDESS\Actor_22\03-01-02-02-01-02-22.wav,03-01-02-02-01-02-22.wav,22,02,calm,16000,1,3.8371875,122868,740a7d820c38b5cacdc8d05424bf6471,holdout
..\data\raw\RAVDESS\Actor_22\03-01-02-02-02-01-22.wav,03-01-02-02-02-01-22.wav,22,02,calm,16000,1,3.637,116462,7f0234dab23e582da9d11fcfcd548156,holdout
..\data\raw\RAVDESS\Actor_22\03-01-02-02-02-02-22.wav,03-01-02-02-02-02-22.wav,22,02,calm,16000,1,3.7704375,120732,bae8b463d666421901e2355661023f1a,holdout
..\data\raw\RAVDESS\Actor_22\03-01-03-01-01-01-22.wav,03-01-03-01-01-01-22.wav,22,03,happy,16000,1,3.536875,113258,98b882060f975ad1698d9acbd0b2ad2f,holdout
..\data\raw\RAVDESS\Actor_22\03-01-03-01-01-02-22.wav,03-01-03-01-01-02-22.wav,22,03,happy,16000,1,3.4368125,110056,23f2d7765e7d42c75d526f74e7fe6aaa,holdout
..\data\raw\RAVDESS\Actor_22\03-01-03-01-02-01-22.wav,03-01-03-01-02-01-22.wav,22,03,happy,16000,1,3.5035,112190,840075126e40cf98a6444aed794e2369,holdout
..\data\raw\RAVDESS\Actor_22\03-01-03-01-02-02-22.wav,03-01-03-01-02-02-22.wav,22,03,happy,16000,1,3.5035,112190,bc80944ae8434a976da6a90855efeebd,holdout
..\data\raw\RAVDESS\Actor_22\03-01-03-02-01-01-22.wav,03-01-03-02-01-01-22.wav,22,03,happy,16000,1,3.737125,119666,d03ae0516d32b5b277a971cb4961845a,holdout
..\data\raw\RAVDESS\Actor_22\03-01-03-02-01-02-22.wav,03-01-03-02-01-02-22.wav,22,03,happy,16000,1,3.8371875,122868,47a5a1b81fc48a777d6580ba9d766fa0,holdout
..\data\raw\RAVDESS\Actor_22\03-01-03-02-02-01-22.wav,03-01-03-02-02-01-22.wav,22,03,happy,16000,1,3.670375,117530,069fd5a3967882f163972a4303553bc3,holdout
..\data\raw\RAVDESS\Actor_22\03-01-03-02-02-02-22.wav,03-01-03-02-02-02-22.wav,22,03,happy,16000,1,3.9373125,126072,46df41e760ee42c9fbac7f3927052f11,holdout
..\data\raw\RAVDESS\Actor_22\03-01-04-01-01-01-22.wav,03-01-04-01-01-01-22.wav,22,04,sad,16000,1,3.603625,115394,b80feaabd4808baa05fa726ee92d9b76,holdout
..\data\raw\RAVDESS\Actor_22\03-01-04-01-01-02-22.wav,03-01-04-01-01-02-22.wav,22,04,sad,16000,1,3.70375,118598,cf65804ca96b9213aa8e00f1c881fbd9,holdout
..\data\raw\RAVDESS\Actor_22\03-01-04-01-02-01-22.wav,03-01-04-01-02-01-22.wav,22,04,sad,16000,1,3.670375,117530,cc9524e93c900b6124eb2fd062d61c19,holdout
..\data\raw\RAVDESS\Actor_22\03-01-04-01-02-02-22.wav,03-01-04-01-02-02-22.wav,22,04,sad,16000,1,3.70375,118598,fed9076d4359943516fe7ac2c3798738,holdout
..\data\raw\RAVDESS\Actor_22\03-01-04-02-01-01-22.wav,03-01-04-02-01-01-22.wav,22,04,sad,16000,1,3.7370625,119664,4d8e71c33e88b0c94b6a37f7d200f4e0,holdout
..\data\raw\RAVDESS\Actor_22\03-01-04-02-01-02-22.wav,03-01-04-02-01-02-22.wav,22,04,sad,16000,1,3.637,116462,efc9d1539f7bb2cb0f553dd5645f8ef4,holdout
..\data\raw\RAVDESS\Actor_22\03-01-04-02-02-01-22.wav,03-01-04-02-02-01-22.wav,22,04,sad,16000,1,3.737125,119666,2380a2d4d483f8ac71bbc7f8efee295b,holdout
..\data\raw\RAVDESS\Actor_22\03-01-04-02-02-02-22.wav,03-01-04-02-02-02-22.wav,22,04,sad,16000,1,3.8371875,122868,b38a1e086b9b0fb117db62c039ece591,holdout
..\data\raw\RAVDESS\Actor_22\03-01-05-01-01-01-22.wav,03-01-05-01-01-01-22.wav,22,05,angry,16000,1,3.70375,118598,d8ee80cfaf3e08a2ee7c5fc1b2320db9,holdout
..\data\raw\RAVDESS\Actor_22\03-01-05-01-01-02-22.wav,03-01-05-01-01-02-22.wav,22,05,angry,16000,1,3.7370625,119664,5aeff71c6dd152f34a38483a487dc9c9,holdout
..\data\raw\RAVDESS\Actor_22\03-01-05-01-02-01-22.wav,03-01-05-01-02-01-22.wav,22,05,angry,16000,1,3.8705625,123936,5d43d8a2cc69b8bcec276844e629fd65,holdout
..\data\raw\RAVDESS\Actor_22\03-01-05-01-02-02-22.wav,03-01-05-01-02-02-22.wav,22,05,angry,16000,1,4.037375,129274,e2c36e2ab44f94c40d57199694130aad,holdout
..\data\raw\RAVDESS\Actor_22\03-01-05-02-01-01-22.wav,03-01-05-02-01-01-22.wav,22,05,angry,16000,1,3.8705625,123936,64283b925c0354f1b8f90373a973fadb,holdout
..\data\raw\RAVDESS\Actor_22\03-01-05-02-01-02-22.wav,03-01-05-02-01-02-22.wav,22,05,angry,16000,1,3.9039375,125004,6c753558a5d0bac16cd6bdabe65f3d7b,holdout
..\data\raw\RAVDESS\Actor_22\03-01-05-02-02-01-22.wav,03-01-05-02-02-01-22.wav,22,05,angry,16000,1,4.237625,135682,d101630cd1a648d42380f8200fb25c60,holdout
..\data\raw\RAVDESS\Actor_22\03-01-05-02-02-02-22.wav,03-01-05-02-02-02-22.wav,22,05,angry,16000,1,4.20425,134614,bc18d00a57ff75c0bc24fec8a68d2ed1,holdout
..\data\raw\RAVDESS\Actor_22\03-01-06-01-01-01-22.wav,03-01-06-01-01-01-22.wav,22,06,fearful,16000,1,3.57025,114326,1205f6924980181e03cb95771683d8a6,holdout
..\data\raw\RAVDESS\Actor_22\03-01-06-01-01-02-22.wav,03-01-06-01-01-02-22.wav,22,06,fearful,16000,1,3.603625,115394,782d9229671d48256c75f94366d0ed7f,holdout
..\data\raw\RAVDESS\Actor_22\03-01-06-01-02-01-22.wav,03-01-06-01-02-01-22.wav,22,06,fearful,16000,1,3.670375,117530,ae97f4aa80a4f57254981361c6d06325,holdout
..\data\raw\RAVDESS\Actor_22\03-01-06-01-02-02-22.wav,03-01-06-01-02-02-22.wav,22,06,fearful,16000,1,3.536875,113258,5c1590a554d2ab2a143622434533ac8a,holdout
..\data\raw\RAVDESS\Actor_22\03-01-06-02-01-01-22.wav,03-01-06-02-01-01-22.wav,22,06,fearful,16000,1,3.57025,114326,9e6757d88b7eabcc12049f90275d033d,holdout
..\data\raw\RAVDESS\Actor_22\03-01-06-02-01-02-22.wav,03-01-06-02-01-02-22.wav,22,06,fearful,16000,1,3.57025,114326,e8a0900e96b4414183b862217b0c4191,holdout
..\data\raw\RAVDESS\Actor_22\03-01-06-02-02-01-22.wav,03-01-06-02-02-01-22.wav,22,06,fearful,16000,1,3.670375,117530,f4491b342b6d84ca5346aa3c7c007d46,holdout
..\data\raw\RAVDESS\Actor_22\03-01-06-02-02-02-22.wav,03-01-06-02-02-02-22.wav,22,06,fearful,16000,1,3.603625,115394,4ebe5c72264f7841524a6c2c63e83113,holdout
..\data\raw\RAVDESS\Actor_22\03-01-07-01-01-01-22.wav,03-01-07-01-01-01-22.wav,22,07,disgust,16000,1,3.7036875,118596,2684cc097d6f95c07ef7fbd4b801c392,holdout
..\data\raw\RAVDESS\Actor_22\03-01-07-01-01-02-22.wav,03-01-07-01-01-02-22.wav,22,07,disgust,16000,1,3.9039375,125004,25ce47289a312255553895f251814200,holdout
..\data\raw\RAVDESS\Actor_22\03-01-07-01-02-01-22.wav,03-01-07-01-02-01-22.wav,22,07,disgust,16000,1,3.8038125,121800,2e8358acbb67ce4cb357de873e308a2a,holdout
..\data\raw\RAVDESS\Actor_22\03-01-07-01-02-02-22.wav,03-01-07-01-02-02-22.wav,22,07,disgust,16000,1,3.8371875,122868,34c2c9d60bcf0334860521c9472314a6,holdout
..\data\raw\RAVDESS\Actor_22\03-01-07-02-01-01-22.wav,03-01-07-02-01-01-22.wav,22,07,disgust,16000,1,4.2375625,135680,496bccd77278d8300a31892dee886c23,holdout
..\data\raw\RAVDESS\Actor_22\03-01-07-02-01-02-22.wav,03-01-07-02-01-02-22.wav,22,07,disgust,16000,1,4.170875,133546,faa4e09fb03c6a2ad85598ccd80c88ca,holdout
..\data\raw\RAVDESS\Actor_22\03-01-07-02-02-01-22.wav,03-01-07-02-02-01-22.wav,22,07,disgust,16000,1,4.20425,134614,1fb55b224c7a7f22de018bb9edb68b64,holdout
..\data\raw\RAVDESS\Actor_22\03-01-07-02-02-02-22.wav,03-01-07-02-02-02-22.wav,22,07,disgust,16000,1,4.104125,131410,66e22d933433f24f74603d88ac44cc67,holdout
..\data\raw\RAVDESS\Actor_22\03-01-08-01-01-01-22.wav,03-01-08-01-01-01-22.wav,22,08,surprised,16000,1,3.536875,113258,724c027811b2f51fb9a2e5b50335dd3e,holdout
..\data\raw\RAVDESS\Actor_22\03-01-08-01-01-02-22.wav,03-01-08-01-01-02-22.wav,22,08,surprised,16000,1,3.57025,114326,d2bd4cdb0ad9214e5714d545dd2e29af,holdout
..\data\raw\RAVDESS\Actor_22\03-01-08-01-02-01-22.wav,03-01-08-01-02-01-22.wav,22,08,surprised,16000,1,3.4368125,110056,28a75486cf27a62040c507585351467f,holdout
..\data\raw\RAVDESS\Actor_22\03-01-08-01-02-02-22.wav,03-01-08-01-02-02-22.wav,22,08,surprised,16000,1,3.603625,115394,464b0ea9396379f6075179329bae33cb,holdout
..\data\raw\RAVDESS\Actor_22\03-01-08-02-01-01-22.wav,03-01-08-02-01-01-22.wav,22,08,surprised,16000,1,3.57025,114326,e62602ca2fef88173f192080bbba9ba9,holdout
..\data\raw\RAVDESS\Actor_22\03-01-08-02-01-02-22.wav,03-01-08-02-01-02-22.wav,22,08,surprised,16000,1,3.737125,119666,b5ddfd54154012eead5abfabb434cc8e,holdout
..\data\raw\RAVDESS\Actor_22\03-01-08-02-02-01-22.wav,03-01-08-02-02-01-22.wav,22,08,surprised,16000,1,3.70375,118598,2dd21af5e07882a98e31b7f4a4581f2d,holdout
..\data\raw\RAVDESS\Actor_22\03-01-08-02-02-02-22.wav,03-01-08-02-02-02-22.wav,22,08,surprised,16000,1,3.637,116462,533e605e795f5a1c7014147a1a19c37a,holdout
..\data\raw\RAVDESS\Actor_23\03-01-01-01-01-01-23.wav,03-01-01-01-01-01-23.wav,23,01,neutral,16000,1,3.8038125,121800,930bca6b26df5815c79cb0b7b34d774a,holdout
..\data\raw\RAVDESS\Actor_23\03-01-01-01-01-02-23.wav,03-01-01-01-01-02-23.wav,23,01,neutral,16000,1,3.7370625,119664,e1924074f019092cad689ecd2044a514,holdout
..\data\raw\RAVDESS\Actor_23\03-01-01-01-02-01-23.wav,03-01-01-01-02-01-23.wav,23,01,neutral,16000,1,3.670375,117530,e198984cf26adfff743fa0a18e79fe34,holdout
..\data\raw\RAVDESS\Actor_23\03-01-01-01-02-02-23.wav,03-01-01-01-02-02-23.wav,23,01,neutral,16000,1,3.8371875,122868,eb12df848411f3c13f87cfd858ff1230,holdout
..\data\raw\RAVDESS\Actor_23\03-01-02-01-01-01-23.wav,03-01-02-01-01-01-23.wav,23,02,calm,16000,1,3.970625,127138,342ec7322fef749033c9a3fb10ae4eb0,holdout
..\data\raw\RAVDESS\Actor_23\03-01-02-01-01-02-23.wav,03-01-02-01-01-02-23.wav,23,02,calm,16000,1,4.07075,130342,e031d977cf2f9a03b6819c1f83e4f8fb,holdout
..\data\raw\RAVDESS\Actor_23\03-01-02-01-02-01-23.wav,03-01-02-01-02-01-23.wav,23,02,calm,16000,1,4.170875,133546,ba8f13bdbd83aecce32daca9e38c7f67,holdout
..\data\raw\RAVDESS\Actor_23\03-01-02-01-02-02-23.wav,03-01-02-01-02-02-23.wav,23,02,calm,16000,1,4.004,128206,89f5123a16249bc26abae0e545991407,holdout
..\data\raw\RAVDESS\Actor_23\03-01-02-02-01-01-23.wav,03-01-02-02-01-01-23.wav,23,02,calm,16000,1,4.604625,147426,74223b4f4d40f7ec7f4749c1f1f4bfd7,holdout
..\data\raw\RAVDESS\Actor_23\03-01-02-02-01-02-23.wav,03-01-02-02-01-02-23.wav,23,02,calm,16000,1,4.604625,147426,993c6847160600f9b0f30321c38f55dc,holdout
..\data\raw\RAVDESS\Actor_23\03-01-02-02-02-01-23.wav,03-01-02-02-02-01-23.wav,23,02,calm,16000,1,4.104125,131410,2598a30f4da14b464059b07cf883c4c4,holdout
..\data\raw\RAVDESS\Actor_23\03-01-02-02-02-02-23.wav,03-01-02-02-02-02-23.wav,23,02,calm,16000,1,4.57125,146358,572f21b2dcaf495fac34feb8757d151d,holdout
..\data\raw\RAVDESS\Actor_23\03-01-03-01-01-01-23.wav,03-01-03-01-01-01-23.wav,23,03,happy,16000,1,3.3366875,106852,b846fb0fa2b24ac49b77f63d3d1995cf,holdout
..\data\raw\RAVDESS\Actor_23\03-01-03-01-01-02-23.wav,03-01-03-01-01-02-23.wav,23,03,happy,16000,1,3.2699375,104716,f1ce1f31a3b6602033169b99421bbc8b,holdout
..\data\raw\RAVDESS\Actor_23\03-01-03-01-02-01-23.wav,03-01-03-01-02-01-23.wav,23,03,happy,16000,1,3.2365625,103648,cfc472d8f0da93da1b391e81d35521ee,holdout
..\data\raw\RAVDESS\Actor_23\03-01-03-01-02-02-23.wav,03-01-03-01-02-02-23.wav,23,03,happy,16000,1,3.2699375,104716,5eb530d6ef5f10506c4081097dfb7e26,holdout
..\data\raw\RAVDESS\Actor_23\03-01-03-02-01-01-23.wav,03-01-03-02-01-01-23.wav,23,03,happy,16000,1,3.236625,103650,279871545fb840efe19821ceb12d1a7d,holdout
..\data\raw\RAVDESS\Actor_23\03-01-03-02-01-02-23.wav,03-01-03-02-01-02-23.wav,23,03,happy,16000,1,3.2031875,102580,29e9e2ce44a8cc66f28441e02004b60c,holdout
..\data\raw\RAVDESS\Actor_23\03-01-03-02-02-01-23.wav,03-01-03-02-02-01-23.wav,23,03,happy,16000,1,3.2365625,103648,e67462ebfca7f3b8f813874d11b85ad2,holdout
..\data\raw\RAVDESS\Actor_23\03-01-03-02-02-02-23.wav,03-01-03-02-02-02-23.wav,23,03,happy,16000,1,3.2365625,103648,2f5db9e2afdbaf6cedf38b020f543acf,holdout
..\data\raw\RAVDESS\Actor_23\03-01-04-01-01-01-23.wav,03-01-04-01-01-01-23.wav,23,04,sad,16000,1,3.603625,115394,4492a0bf0708f30229d7e685bf435831,holdout
..\data\raw\RAVDESS\Actor_23\03-01-04-01-01-02-23.wav,03-01-04-01-01-02-23.wav,23,04,sad,16000,1,3.8705625,123936,0436c69571f2952d0d123f7ae81a94e7,holdout
..\data\raw\RAVDESS\Actor_23\03-01-04-01-02-01-23.wav,03-01-04-01-02-01-23.wav,23,04,sad,16000,1,3.57025,114326,df2ffb9596f2ab79ad6f4f4148898386,holdout
..\data\raw\RAVDESS\Actor_23\03-01-04-01-02-02-23.wav,03-01-04-01-02-02-23.wav,23,04,sad,16000,1,3.670375,117530,44a0a66af9ce79aff0cf289a912fb049,holdout
..\data\raw\RAVDESS\Actor_23\03-01-04-02-01-01-23.wav,03-01-04-02-01-01-23.wav,23,04,sad,16000,1,4.2709375,136748,3ec44970236ad6b4e3a40fe884a96906,holdout
..\data\raw\RAVDESS\Actor_23\03-01-04-02-01-02-23.wav,03-01-04-02-01-02-23.wav,23,04,sad,16000,1,4.3710625,139952,31b18e038f9774274a2b71d02bca2833,holdout
..\data\raw\RAVDESS\Actor_23\03-01-04-02-02-01-23.wav,03-01-04-02-02-01-23.wav,23,04,sad,16000,1,3.9373125,126072,326154c33eb0eb9a3b9fb5644fcb1142,holdout
..\data\raw\RAVDESS\Actor_23\03-01-04-02-02-02-23.wav,03-01-04-02-02-02-23.wav,23,04,sad,16000,1,4.7380625,151696,866bd14866a9cb8a6ccb2ad966d3b182,holdout
..\data\raw\RAVDESS\Actor_23\03-01-05-01-01-01-23.wav,03-01-05-01-01-01-23.wav,23,05,angry,16000,1,3.3033125,105784,632dd1da11826f37692978f08a367b84,holdout
..\data\raw\RAVDESS\Actor_23\03-01-05-01-01-02-23.wav,03-01-05-01-01-02-23.wav,23,05,angry,16000,1,3.3033125,105784,79344f897c6f1ded884a68bcbcf567c8,holdout
..\data\raw\RAVDESS\Actor_23\03-01-05-01-02-01-23.wav,03-01-05-01-02-01-23.wav,23,05,angry,16000,1,3.2699375,104716,4df7ec1869a38a97b0e0ad1884694666,holdout
..\data\raw\RAVDESS\Actor_23\03-01-05-01-02-02-23.wav,03-01-05-01-02-02-23.wav,23,05,angry,16000,1,3.3366875,106852,4d3c833c8d9119bed47f430ecb6ab717,holdout
..\data\raw\RAVDESS\Actor_23\03-01-05-02-01-01-23.wav,03-01-05-02-01-01-23.wav,23,05,angry,16000,1,3.4034375,108988,b6b052b6e442830f8f06143983c18c2a,holdout
..\data\raw\RAVDESS\Actor_23\03-01-05-02-01-02-23.wav,03-01-05-02-01-02-23.wav,23,05,angry,16000,1,3.3366875,106852,306d3647d9fbb58035cbf64e63267f0d,holdout
..\data\raw\RAVDESS\Actor_23\03-01-05-02-02-01-23.wav,03-01-05-02-02-01-23.wav,23,05,angry,16000,1,3.2365625,103648,e086b70a7db625b1cbac0b5d9ca6f337,holdout
..\data\raw\RAVDESS\Actor_23\03-01-05-02-02-02-23.wav,03-01-05-02-02-02-23.wav,23,05,angry,16000,1,3.3033125,105784,d7928d36c7a600e778d6701a008bd115,holdout
..\data\raw\RAVDESS\Actor_23\03-01-06-01-01-01-23.wav,03-01-06-01-01-01-23.wav,23,06,fearful,16000,1,3.4368125,110056,970c8b8516860bfe7c40eb0c2cc5844f,holdout
..\data\raw\RAVDESS\Actor_23\03-01-06-01-01-02-23.wav,03-01-06-01-01-02-23.wav,23,06,fearful,16000,1,3.2365625,103648,34f44cff0a70c6ff9230fdddd464658a,holdout
..\data\raw\RAVDESS\Actor_23\03-01-06-01-02-01-23.wav,03-01-06-01-02-01-23.wav,23,06,fearful,16000,1,3.1365,100446,5d968ae83ec52059e66d00bdec0df92c,holdout
..\data\raw\RAVDESS\Actor_23\03-01-06-01-02-02-23.wav,03-01-06-01-02-02-23.wav,23,06,fearful,16000,1,3.103125,99378,b25757ae0acbd0c641d458b78125f963,holdout
..\data\raw\RAVDESS\Actor_23\03-01-06-02-01-01-23.wav,03-01-06-02-01-01-23.wav,23,06,fearful,16000,1,3.57025,114326,db3f82676a08ff3ea202791f2d3d7444,holdout
..\data\raw\RAVDESS\Actor_23\03-01-06-02-01-02-23.wav,03-01-06-02-01-02-23.wav,23,06,fearful,16000,1,3.4368125,110056,6a0d7a24c2e246f7581f0d27fa34fb23,holdout
..\data\raw\RAVDESS\Actor_23\03-01-06-02-02-01-23.wav,03-01-06-02-02-01-23.wav,23,06,fearful,16000,1,3.57025,114326,dbc085a01f2f15e6ccba3bc74d1058e1,holdout
..\data\raw\RAVDESS\Actor_23\03-01-06-02-02-02-23.wav,03-01-06-02-02-02-23.wav,23,06,fearful,16000,1,3.536875,113258,6b739b9e028fc27e3184f268280ea4a2,holdout
..\data\raw\RAVDESS\Actor_23\03-01-07-01-01-01-23.wav,03-01-07-01-01-01-23.wav,23,07,disgust,16000,1,3.57025,114326,6ae3b893b978ac2b4c8a27d7c38365a5,holdout
..\data\raw\RAVDESS\Actor_23\03-01-07-01-01-02-23.wav,03-01-07-01-01-02-23.wav,23,07,disgust,16000,1,3.57025,114326,89f2e9d7b06230d303043ddf0eb410d2,holdout
..\data\raw\RAVDESS\Actor_23\03-01-07-01-02-01-23.wav,03-01-07-01-02-01-23.wav,23,07,disgust,16000,1,3.470125,111122,c7decf460a749d30a88cf12ec2ff19e6,holdout
..\data\raw\RAVDESS\Actor_23\03-01-07-01-02-02-23.wav,03-01-07-01-02-02-23.wav,23,07,disgust,16000,1,3.3366875,106852,9290a0ed9d40c8320e3b099dce051db8,holdout
..\data\raw\RAVDESS\Actor_23\03-01-07-02-01-01-23.wav,03-01-07-02-01-01-23.wav,23,07,disgust,16000,1,4.07075,130342,5b0eb4e9bcd5db33ff9e22011aea8e7b,holdout
..\data\raw\RAVDESS\Actor_23\03-01-07-02-01-02-23.wav,03-01-07-02-01-02-23.wav,23,07,disgust,16000,1,3.8705625,123936,8fa6e13428f08ce6859e8e18455f03e9,holdout
..\data\raw\RAVDESS\Actor_23\03-01-07-02-02-01-23.wav,03-01-07-02-02-01-23.wav,23,07,disgust,16000,1,3.7370625,119664,a26b69a56d5877778dd4d11025c18104,holdout
..\data\raw\RAVDESS\Actor_23\03-01-07-02-02-02-23.wav,03-01-07-02-02-02-23.wav,23,07,disgust,16000,1,3.8705625,123936,6dc155b0e1a7115760b557d2f477fceb,holdout
..\data\raw\RAVDESS\Actor_23\03-01-08-01-01-01-23.wav,03-01-08-01-01-01-23.wav,23,08,surprised,16000,1,3.2699375,104716,25565553c2b63c717d7325c577d30671,holdout
..\data\raw\RAVDESS\Actor_23\03-01-08-01-01-02-23.wav,03-01-08-01-01-02-23.wav,23,08,surprised,16000,1,3.2365625,103648,317c902a0787378eb6a0e341ea85a295,holdout
..\data\raw\RAVDESS\Actor_23\03-01-08-01-02-01-23.wav,03-01-08-01-02-01-23.wav,23,08,surprised,16000,1,3.3033125,105784,18531564c87636bb83f1a5a6067351e8,holdout
..\data\raw\RAVDESS\Actor_23\03-01-08-01-02-02-23.wav,03-01-08-01-02-02-23.wav,23,08,surprised,16000,1,3.3033125,105784,8b9da995c5041a54fcc9a4a10c41d02b,holdout
..\data\raw\RAVDESS\Actor_23\03-01-08-02-01-01-23.wav,03-01-08-02-01-01-23.wav,23,08,surprised,16000,1,3.5035,112190,1258fdf83efd227f11f1bd13f79b4708,holdout
..\data\raw\RAVDESS\Actor_23\03-01-08-02-01-02-23.wav,03-01-08-02-01-02-23.wav,23,08,surprised,16000,1,3.3700625,107920,397ed2a9c1e83b5567267464d73497cb,holdout
..\data\raw\RAVDESS\Actor_23\03-01-08-02-02-01-23.wav,03-01-08-02-02-01-23.wav,23,08,surprised,16000,1,3.3366875,106852,2794148119538511c19a1375a280ebf2,holdout
..\data\raw\RAVDESS\Actor_23\03-01-08-02-02-02-23.wav,03-01-08-02-02-02-23.wav,23,08,surprised,16000,1,3.3033125,105784,0e9d06319d685aee211740dc2a110639,holdout
..\data\raw\RAVDESS\Actor_24\03-01-01-01-01-01-24.wav,03-01-01-01-01-01-24.wav,24,01,neutral,16000,1,3.70375,118598,30df9879bc610cecbbcc75e591af8d86,holdout
..\data\raw\RAVDESS\Actor_24\03-01-01-01-01-02-24.wav,03-01-01-01-01-02-24.wav,24,01,neutral,16000,1,3.637,116462,3a7b9d776af266eb8b31542df955e31e,holdout
..\data\raw\RAVDESS\Actor_24\03-01-01-01-02-01-24.wav,03-01-01-01-02-01-24.wav,24,01,neutral,16000,1,3.637,116462,fb3d73c6c458c71e6cb2bdd48889c37d,holdout
..\data\raw\RAVDESS\Actor_24\03-01-01-01-02-02-24.wav,03-01-01-01-02-02-24.wav,24,01,neutral,16000,1,3.603625,115394,05eb1557828b89028261f2ff740fd09b,holdout
..\data\raw\RAVDESS\Actor_24\03-01-02-01-01-01-24.wav,03-01-02-01-01-01-24.wav,24,02,calm,16000,1,3.57025,114326,d550bc8176517b9542dff29a0f807455,holdout
..\data\raw\RAVDESS\Actor_24\03-01-02-01-01-02-24.wav,03-01-02-01-01-02-24.wav,24,02,calm,16000,1,3.5035,112190,cd2b24bbd44435bc9154c30b7209e98f,holdout
..\data\raw\RAVDESS\Actor_24\03-01-02-01-02-01-24.wav,03-01-02-01-02-01-24.wav,24,02,calm,16000,1,3.8705625,123936,fd79499b42de71eb29502007cff5294b,holdout
..\data\raw\RAVDESS\Actor_24\03-01-02-01-02-02-24.wav,03-01-02-01-02-02-24.wav,24,02,calm,16000,1,3.7036875,118596,84bc2c500ede79831083967b1448da6b,holdout
..\data\raw\RAVDESS\Actor_24\03-01-02-02-01-01-24.wav,03-01-02-02-01-01-24.wav,24,02,calm,16000,1,4.104125,131410,cb2d64f189819d664f6a76b0ade40c97,holdout
..\data\raw\RAVDESS\Actor_24\03-01-02-02-01-02-24.wav,03-01-02-02-01-02-24.wav,24,02,calm,16000,1,4.07075,130342,aaac3b434ef6880c11ad55f358f52d18,holdout
..\data\raw\RAVDESS\Actor_24\03-01-02-02-02-01-24.wav,03-01-02-02-02-01-24.wav,24,02,calm,16000,1,4.037375,129274,28dc4a7722c0fa46b835676df2a2098b,holdout
..\data\raw\RAVDESS\Actor_24\03-01-02-02-02-02-24.wav,03-01-02-02-02-02-24.wav,24,02,calm,16000,1,4.104125,131410,6ce5b7681a0ebc0158911b02e0717cd0,holdout
..\data\raw\RAVDESS\Actor_24\03-01-03-01-01-01-24.wav,03-01-03-01-01-01-24.wav,24,03,happy,16000,1,3.603625,115394,13afbf631d08af9ac51e4a1a79763f70,holdout
..\data\raw\RAVDESS\Actor_24\03-01-03-01-01-02-24.wav,03-01-03-01-01-02-24.wav,24,03,happy,16000,1,3.9039375,125004,b864924a579366e69d740ed950653219,holdout
..\data\raw\RAVDESS\Actor_24\03-01-03-01-02-01-24.wav,03-01-03-01-02-01-24.wav,24,03,happy,16000,1,3.5035,112190,2c78a2914e24e6285bd09b45d2ee794a,holdout
..\data\raw\RAVDESS\Actor_24\03-01-03-01-02-02-24.wav,03-01-03-01-02-02-24.wav,24,03,happy,16000,1,3.7370625,119664,4c547f8d7ad079db90855ed33912bd72,holdout
..\data\raw\RAVDESS\Actor_24\03-01-03-02-01-01-24.wav,03-01-03-02-01-01-24.wav,24,03,happy,16000,1,4.004,128206,b9a3ef3a3b9b2416ca02ad188ceeda0e,holdout
..\data\raw\RAVDESS\Actor_24\03-01-03-02-01-02-24.wav,03-01-03-02-01-02-24.wav,24,03,happy,16000,1,3.7704375,120732,6c3ac8e8055257944caf241aa3d62c70,holdout
..\data\raw\RAVDESS\Actor_24\03-01-03-02-02-01-24.wav,03-01-03-02-02-01-24.wav,24,03,happy,16000,1,3.8705625,123936,5e53ad60d77781133ef8e53a91381b39,holdout
..\data\raw\RAVDESS\Actor_24\03-01-03-02-02-02-24.wav,03-01-03-02-02-02-24.wav,24,03,happy,16000,1,3.8705625,123936,683044a9d47782a0feeab395c58e01f3,holdout
..\data\raw\RAVDESS\Actor_24\03-01-04-01-01-01-24.wav,03-01-04-01-01-01-24.wav,24,04,sad,16000,1,4.104125,131410,672d7cf7992b30e9c21a9baf02a753d9,holdout
..\data\raw\RAVDESS\Actor_24\03-01-04-01-01-02-24.wav,03-01-04-01-01-02-24.wav,24,04,sad,16000,1,3.970625,127138,bc13a1f047c316824b4a86464edd5703,holdout
..\data\raw\RAVDESS\Actor_24\03-01-04-01-02-01-24.wav,03-01-04-01-02-01-24.wav,24,04,sad,16000,1,3.536875,113258,dfea6ebb788d4f7364f4b868156d047a,holdout
..\data\raw\RAVDESS\Actor_24\03-01-04-01-02-02-24.wav,03-01-04-01-02-02-24.wav,24,04,sad,16000,1,3.8371875,122868,fcd2aa6b7b83c0ba7eb811df514735a8,holdout
..\data\raw\RAVDESS\Actor_24\03-01-04-02-01-01-24.wav,03-01-04-02-01-01-24.wav,24,04,sad,16000,1,4.4044375,141020,fe2f28e666cb2d8a9a851c7806affbe7,holdout
..\data\raw\RAVDESS\Actor_24\03-01-04-02-01-02-24.wav,03-01-04-02-01-02-24.wav,24,04,sad,16000,1,4.57125,146358,adf481ff66a847a82998642071b4c37a,holdout
..\data\raw\RAVDESS\Actor_24\03-01-04-02-02-01-24.wav,03-01-04-02-02-01-24.wav,24,04,sad,16000,1,4.20425,134614,b5bbbb5c749c13c730b915f877ecbe6f,holdout
..\data\raw\RAVDESS\Actor_24\03-01-04-02-02-02-24.wav,03-01-04-02-02-02-24.wav,24,04,sad,16000,1,4.671375,149562,660d65954485be5e9400f78057410c41,holdout
..\data\raw\RAVDESS\Actor_24\03-01-05-01-01-01-24.wav,03-01-05-01-01-01-24.wav,24,05,angry,16000,1,4.104125,131410,f61fa83569094ac389e86d5b43f256ff,holdout
..\data\raw\RAVDESS\Actor_24\03-01-05-01-01-02-24.wav,03-01-05-01-01-02-24.wav,24,05,angry,16000,1,3.7370625,119664,0fd21db781f690d72d19e98da9a70174,holdout
..\data\raw\RAVDESS\Actor_24\03-01-05-01-02-01-24.wav,03-01-05-01-02-01-24.wav,24,05,angry,16000,1,3.670375,117530,c7a66d898eefc5e8223e0a84208b46a6,holdout
..\data\raw\RAVDESS\Actor_24\03-01-05-01-02-02-24.wav,03-01-05-01-02-02-24.wav,24,05,angry,16000,1,4.2041875,134612,5ca5a198d5e0045000b2d863b9569189,holdout
..\data\raw\RAVDESS\Actor_24\03-01-05-02-01-01-24.wav,03-01-05-02-01-01-24.wav,24,05,angry,16000,1,4.3710625,139952,923109e6d9080c8ea59af4977872b0f1,holdout
..\data\raw\RAVDESS\Actor_24\03-01-05-02-01-02-24.wav,03-01-05-02-01-02-24.wav,24,05,angry,16000,1,4.3710625,139952,4cb830644f5a3502ebd3ba087da92024,holdout
..\data\raw\RAVDESS\Actor_24\03-01-05-02-02-01-24.wav,03-01-05-02-02-01-24.wav,24,05,angry,16000,1,4.170875,133546,4affe1968994b1aa3b8790590524306d,holdout
..\data\raw\RAVDESS\Actor_24\03-01-05-02-02-02-24.wav,03-01-05-02-02-02-24.wav,24,05,angry,16000,1,5.105125,163442,6c3b530735a8ab11ddb4ffe67f6ff061,holdout
..\data\raw\RAVDESS\Actor_24\03-01-06-01-01-01-24.wav,03-01-06-01-01-01-24.wav,24,06,fearful,16000,1,4.104125,131410,e76cb0010f712a39fa7345b30fcdfcec,holdout
..\data\raw\RAVDESS\Actor_24\03-01-06-01-01-02-24.wav,03-01-06-01-01-02-24.wav,24,06,fearful,16000,1,4.07075,130342,ad8726c4e6991e0331e32874943d77a7,holdout
..\data\raw\RAVDESS\Actor_24\03-01-06-01-02-01-24.wav,03-01-06-01-02-01-24.wav,24,06,fearful,16000,1,3.93725,126070,6902803559dbec179a8072a3d124aa58,holdout
..\data\raw\RAVDESS\Actor_24\03-01-06-01-02-02-24.wav,03-01-06-01-02-02-24.wav,24,06,fearful,16000,1,4.004,128206,88f0f62753dbb81c76831c71bdc7c3c9,holdout
..\data\raw\RAVDESS\Actor_24\03-01-06-02-01-01-24.wav,03-01-06-02-01-01-24.wav,24,06,fearful,16000,1,3.8371875,122868,ff903aa0eb3d5bca63dcf2e98be902b6,holdout
..\data\raw\RAVDESS\Actor_24\03-01-06-02-01-02-24.wav,03-01-06-02-01-02-24.wav,24,06,fearful,16000,1,4.07075,130342,338ee102606a6ba661065aced7cc0bdf,holdout
..\data\raw\RAVDESS\Actor_24\03-01-06-02-02-01-24.wav,03-01-06-02-02-01-24.wav,24,06,fearful,16000,1,3.603625,115394,a176c6e4378cc6575a49e31a8df0921b,holdout
..\data\raw\RAVDESS\Actor_24\03-01-06-02-02-02-24.wav,03-01-06-02-02-02-24.wav,24,06,fearful,16000,1,3.8371875,122868,fb4a103d96d47f77ac24ab920dc105e0,holdout
..\data\raw\RAVDESS\Actor_24\03-01-07-01-01-01-24.wav,03-01-07-01-01-01-24.wav,24,07,disgust,16000,1,4.3043125,137816,7a04635fa1dd1bf3742fb8bfb91bca73,holdout
..\data\raw\RAVDESS\Actor_24\03-01-07-01-01-02-24.wav,03-01-07-01-01-02-24.wav,24,07,disgust,16000,1,4.104125,131410,c690a40d49cf6b4add33b8b1135a3172,holdout
..\data\raw\RAVDESS\Actor_24\03-01-07-01-02-01-24.wav,03-01-07-01-02-01-24.wav,24,07,disgust,16000,1,4.004,128206,c75fdaa7da3b438f39f8411a6bff493e,holdout
..\data\raw\RAVDESS\Actor_24\03-01-07-01-02-02-24.wav,03-01-07-01-02-02-24.wav,24,07,disgust,16000,1,4.07075,130342,563a8b285f9f3249e1bb4e1310929a93,holdout
..\data\raw\RAVDESS\Actor_24\03-01-07-02-01-01-24.wav,03-01-07-02-01-01-24.wav,24,07,disgust,16000,1,4.3376875,138884,c367a542cd56787cde9dff06e49b9e51,holdout
..\data\raw\RAVDESS\Actor_24\03-01-07-02-01-02-24.wav,03-01-07-02-01-02-24.wav,24,07,disgust,16000,1,4.638,148494,58c66ace29a4265da2a5bebbb1149f2e,holdout
..\data\raw\RAVDESS\Actor_24\03-01-07-02-02-01-24.wav,03-01-07-02-02-01-24.wav,24,07,disgust,16000,1,4.2375625,135680,5ec31706f34684b523e67b3e85479226,holdout
..\data\raw\RAVDESS\Actor_24\03-01-07-02-02-02-24.wav,03-01-07-02-02-02-24.wav,24,07,disgust,16000,1,4.4378125,142088,dd356311b97ec48e3bcd3f46eeec2ae4,holdout
..\data\raw\RAVDESS\Actor_24\03-01-08-01-01-01-24.wav,03-01-08-01-01-01-24.wav,24,08,surprised,16000,1,3.3033125,105784,ad3944b66ae7a80aeac2a957eabce5bb,holdout
..\data\raw\RAVDESS\Actor_24\03-01-08-01-01-02-24.wav,03-01-08-01-01-02-24.wav,24,08,surprised,16000,1,3.4701875,111124,0c62c5de7e04b21ee3f744e820ec4a09,holdout
..\data\raw\RAVDESS\Actor_24\03-01-08-01-02-01-24.wav,03-01-08-01-02-01-24.wav,24,08,surprised,16000,1,3.3700625,107920,7412962e8999a68a4a8c54d78da1c27a,holdout
..\data\raw\RAVDESS\Actor_24\03-01-08-01-02-02-24.wav,03-01-08-01-02-02-24.wav,24,08,surprised,16000,1,3.4034375,108988,88eefcf774a2909093d84979f05c1b07,holdout
..\data\raw\RAVDESS\Actor_24\03-01-08-02-01-01-24.wav,03-01-08-02-01-01-24.wav,24,08,surprised,16000,1,3.9373125,126072,aae746336e9a4f62991b7dba9e81aab4,holdout
..\data\raw\RAVDESS\Actor_24\03-01-08-02-01-02-24.wav,03-01-08-02-01-02-24.wav,24,08,surprised,16000,1,3.970625,127138,ca210a23fe1653315d0a73ebb5efa982,holdout
..\data\raw\RAVDESS\Actor_24\03-01-08-02-02-01-24.wav,03-01-08-02-02-01-24.wav,24,08,surprised,16000,1,3.670375,117530,150491ffe2984751b36771b6254386df,holdout
..\data\raw\RAVDESS\Actor_24\03-01-08-02-02-02-24.wav,03-01-08-02-02-02-24.wav,24,08,surprised,16000,1,3.637,116462,c21fd182c6edb4ef655020f3d3fd5c97,holdout
